time,station,lat,lon,rain_mm
2023-10-04 00:00:00+00:00,ATG-BLU-01 Vila Itoupava,-26.755,-49.0906,0.0
2023-10-04 01:00:00+00:00,ATG-BLU-01 Vila Itoupava,-26.755,-49.0906,0.0
2023-10-04 02:00:00+00:00,ATG-BLU-01 Vila Itoupava,-26.755,-49.0906,0.0
2023-10-04 03:00:00+00:00,ATG-BLU-01 Vila Itoupava,-26.755,-49.0906,0.0
2023-10-04 04:00:00+00:00,ATG-BLU-01 Vila Itoupava,-26.755,-49.0906,0.0
2023-10-04 05:00:00+00:00,ATG-BLU-01 Vila Itoupava,-26.755,-49.0906,0.0
2023-10-04 06:00:00+00:00,ATG-BLU-01 Vila Itoupava,-26.755,-49.0906,0.0
2023-10-04 07:00:00+00:00,ATG-BLU-01 Vila Itoupava,-26.755,-49.0906,0.0
2023-10-04 08:00:00+00:00,ATG-BLU-01 Vila Itoupava,-26.755,-49.0906,0.0
2023-10-04 09:00:00+00:00,ATG-BLU-01 Vila Itoupava,-26.755,-49.0906,0.0
2023-10-04 10:00:00+00:00,ATG-BLU-01 Vila Itoupava,-26.755,-49.0906,3.2
2023-10-04 11:00:00+00:00,ATG-BLU-01 Vila Itoupava,-26.755,-49.0906,3.2
2023-10-04 12:00:00+00:00,ATG-BLU-01 Vila Itoupava,-26.755,-49.0906,1.5
2023-10-04 13:00:00+00:00,ATG-BLU-01 Vila Itoupava,-26.755,-49.0906,1.6
2023-10-04 14:00:00+00:00,ATG-BLU-01 Vila Itoupava,-26.755,-49.0906,3.2
2023-10-04 15:00:00+00:00,ATG-BLU-01 Vila Itoupava,-26.755,-49.0906,3.0
2023-10-04 16:00:00+00:00,ATG-BLU-01 Vila Itoupava,-26.755,-49.0906,1.5
2023-10-04 17:00:00+00:00,ATG-BLU-01 Vila Itoupava,-26.755,-49.0906,1.7
2023-10-04 18:00:00+00:00,ATG-BLU-01 Vila Itoupava,-26.755,-49.0906,0.4
2023-10-04 19:00:00+00:00,ATG-BLU-01 Vila Itoupava,-26.755,-49.0906,1.6
2023-10-04 20:00:00+00:00,ATG-BLU-01 Vila Itoupava,-26.755,-49.0906,1.2
2023-10-04 21:00:00+00:00,ATG-BLU-01 Vila Itoupava,-26.755,-49.0906,0.4
2023-10-04 22:00:00+00:00,ATG-BLU-01 Vila Itoupava,-26.755,-49.0906,1.5
2023-10-04 23:00:00+00:00,ATG-BLU-01 Vila Itoupava,-26.755,-49.0906,1.3
2023-10-05 00:00:00+00:00,ATG-BLU-01 Vila Itoupava,-26.755,-49.0906,0.3
2023-10-05 01:00:00+00:00,ATG-BLU-01 Vila Itoupava,-26.755,-49.0906,0.2
2023-10-05 02:00:00+00:00,ATG-BLU-01 Vila Itoupava,-26.755,-49.0906,0.0
2023-10-05 03:00:00+00:00,ATG-BLU-01 Vila Itoupava,-26.755,-49.0906,0.0
2023-10-05 04:00:00+00:00,ATG-BLU-01 Vila Itoupava,-26.755,-49.0906,0.0
2023-10-05 05:00:00+00:00,ATG-BLU-01 Vila Itoupava,-26.755,-49.0906,0.0
2023-10-05 06:00:00+00:00,ATG-BLU-01 Vila Itoupava,-26.755,-49.0906,0.0
2023-10-05 07:00:00+00:00,ATG-BLU-01 Vila Itoupava,-26.755,-49.0906,0.0
2023-10-05 08:00:00+00:00,ATG-BLU-01 Vila Itoupava,-26.755,-49.0906,0.0
2023-10-05 09:00:00+00:00,ATG-BLU-01 Vila Itoupava,-26.755,-49.0906,0.1
2023-10-05 10:00:00+00:00,ATG-BLU-01 Vila Itoupava,-26.755,-49.0906,0.5
2023-10-05 11:00:00+00:00,ATG-BLU-01 Vila Itoupava,-26.755,-49.0906,0.1
2023-10-05 12:00:00+00:00,ATG-BLU-01 Vila Itoupava,-26.755,-49.0906,0.0
2023-10-05 13:00:00+00:00,ATG-BLU-01 Vila Itoupava,-26.755,-49.0906,0.0
2023-10-05 14:00:00+00:00,ATG-BLU-01 Vila Itoupava,-26.755,-49.0906,0.4
2023-10-05 15:00:00+00:00,ATG-BLU-01 Vila Itoupava,-26.755,-49.0906,0.4
2023-10-05 16:00:00+00:00,ATG-BLU-01 Vila Itoupava,-26.755,-49.0906,0.2
2023-10-05 17:00:00+00:00,ATG-BLU-01 Vila Itoupava,-26.755,-49.0906,0.1
2023-10-05 18:00:00+00:00,ATG-BLU-01 Vila Itoupava,-26.755,-49.0906,0.3
2023-10-05 19:00:00+00:00,ATG-BLU-01 Vila Itoupava,-26.755,-49.0906,1.0
2023-10-05 20:00:00+00:00,ATG-BLU-01 Vila Itoupava,-26.755,-49.0906,0.2
2023-10-05 21:00:00+00:00,ATG-BLU-01 Vila Itoupava,-26.755,-49.0906,0.0
2023-10-05 22:00:00+00:00,ATG-BLU-01 Vila Itoupava,-26.755,-49.0906,0.0
2023-10-05 23:00:00+00:00,ATG-BLU-01 Vila Itoupava,-26.755,-49.0906,0.0
2023-10-06 00:00:00+00:00,ATG-BLU-01 Vila Itoupava,-26.755,-49.0906,0.0
2023-10-06 01:00:00+00:00,ATG-BLU-01 Vila Itoupava,-26.755,-49.0906,0.1
2023-10-06 02:00:00+00:00,ATG-BLU-01 Vila Itoupava,-26.755,-49.0906,0.1
2023-10-06 03:00:00+00:00,ATG-BLU-01 Vila Itoupava,-26.755,-49.0906,0.2
2023-10-06 04:00:00+00:00,ATG-BLU-01 Vila Itoupava,-26.755,-49.0906,0.1
2023-10-06 05:00:00+00:00,ATG-BLU-01 Vila Itoupava,-26.755,-49.0906,0.1
2023-10-06 06:00:00+00:00,ATG-BLU-01 Vila Itoupava,-26.755,-49.0906,0.0
2023-10-06 07:00:00+00:00,ATG-BLU-01 Vila Itoupava,-26.755,-49.0906,0.0
2023-10-06 08:00:00+00:00,ATG-BLU-01 Vila Itoupava,-26.755,-49.0906,0.0
2023-10-06 09:00:00+00:00,ATG-BLU-01 Vila Itoupava,-26.755,-49.0906,9.7
2023-10-06 10:00:00+00:00,ATG-BLU-01 Vila Itoupava,-26.755,-49.0906,1.9
2023-10-06 11:00:00+00:00,ATG-BLU-01 Vila Itoupava,-26.755,-49.0906,0.3
2023-10-06 12:00:00+00:00,ATG-BLU-01 Vila Itoupava,-26.755,-49.0906,9.1
2023-10-06 13:00:00+00:00,ATG-BLU-01 Vila Itoupava,-26.755,-49.0906,1.4
2023-10-06 14:00:00+00:00,ATG-BLU-01 Vila Itoupava,-26.755,-49.0906,1.0
2023-10-06 15:00:00+00:00,ATG-BLU-01 Vila Itoupava,-26.755,-49.0906,0.1
2023-10-06 16:00:00+00:00,ATG-BLU-01 Vila Itoupava,-26.755,-49.0906,0.0
2023-10-06 17:00:00+00:00,ATG-BLU-01 Vila Itoupava,-26.755,-49.0906,0.0
2023-10-06 18:00:00+00:00,ATG-BLU-01 Vila Itoupava,-26.755,-49.0906,0.1
2023-10-06 19:00:00+00:00,ATG-BLU-01 Vila Itoupava,-26.755,-49.0906,0.4
2023-10-06 20:00:00+00:00,ATG-BLU-01 Vila Itoupava,-26.755,-49.0906,0.0
2023-10-06 21:00:00+00:00,ATG-BLU-01 Vila Itoupava,-26.755,-49.0906,0.0
2023-10-06 22:00:00+00:00,ATG-BLU-01 Vila Itoupava,-26.755,-49.0906,0.0
2023-10-06 23:00:00+00:00,ATG-BLU-01 Vila Itoupava,-26.755,-49.0906,0.0
2023-10-07 00:00:00+00:00,ATG-BLU-01 Vila Itoupava,-26.755,-49.0906,0.0
2023-10-07 01:00:00+00:00,ATG-BLU-01 Vila Itoupava,-26.755,-49.0906,0.0
2023-10-07 02:00:00+00:00,ATG-BLU-01 Vila Itoupava,-26.755,-49.0906,0.2
2023-10-07 03:00:00+00:00,ATG-BLU-01 Vila Itoupava,-26.755,-49.0906,0.7
2023-10-07 04:00:00+00:00,ATG-BLU-01 Vila Itoupava,-26.755,-49.0906,0.1
2023-10-07 05:00:00+00:00,ATG-BLU-01 Vila Itoupava,-26.755,-49.0906,0.6
2023-10-07 06:00:00+00:00,ATG-BLU-01 Vila Itoupava,-26.755,-49.0906,0.0
2023-10-07 07:00:00+00:00,ATG-BLU-01 Vila Itoupava,-26.755,-49.0906,0.0
2023-10-07 08:00:00+00:00,ATG-BLU-01 Vila Itoupava,-26.755,-49.0906,0.0
2023-10-07 09:00:00+00:00,ATG-BLU-01 Vila Itoupava,-26.755,-49.0906,0.0
2023-10-07 10:00:00+00:00,ATG-BLU-01 Vila Itoupava,-26.755,-49.0906,0.0
2023-10-07 11:00:00+00:00,ATG-BLU-01 Vila Itoupava,-26.755,-49.0906,0.0
2023-10-07 12:00:00+00:00,ATG-BLU-01 Vila Itoupava,-26.755,-49.0906,0.2
2023-10-07 13:00:00+00:00,ATG-BLU-01 Vila Itoupava,-26.755,-49.0906,4.5
2023-10-07 14:00:00+00:00,ATG-BLU-01 Vila Itoupava,-26.755,-49.0906,2.9
2023-10-07 15:00:00+00:00,ATG-BLU-01 Vila Itoupava,-26.755,-49.0906,1.0
2023-10-07 16:00:00+00:00,ATG-BLU-01 Vila Itoupava,-26.755,-49.0906,1.6
2023-10-07 17:00:00+00:00,ATG-BLU-01 Vila Itoupava,-26.755,-49.0906,0.7
2023-10-07 18:00:00+00:00,ATG-BLU-01 Vila Itoupava,-26.755,-49.0906,0.4
2023-10-07 19:00:00+00:00,ATG-BLU-01 Vila Itoupava,-26.755,-49.0906,0.2
2023-10-07 20:00:00+00:00,ATG-BLU-01 Vila Itoupava,-26.755,-49.0906,0.0
2023-10-07 21:00:00+00:00,ATG-BLU-01 Vila Itoupava,-26.755,-49.0906,0.1
2023-10-07 22:00:00+00:00,ATG-BLU-01 Vila Itoupava,-26.755,-49.0906,0.2
2023-10-07 23:00:00+00:00,ATG-BLU-01 Vila Itoupava,-26.755,-49.0906,0.2
2023-10-08 00:00:00+00:00,ATG-BLU-01 Vila Itoupava,-26.755,-49.0906,0.3
2023-10-08 01:00:00+00:00,ATG-BLU-01 Vila Itoupava,-26.755,-49.0906,0.0
2023-10-08 02:00:00+00:00,ATG-BLU-01 Vila Itoupava,-26.755,-49.0906,0.0
2023-10-08 03:00:00+00:00,ATG-BLU-01 Vila Itoupava,-26.755,-49.0906,0.0
2023-10-08 04:00:00+00:00,ATG-BLU-01 Vila Itoupava,-26.755,-49.0906,0.0
2023-10-08 05:00:00+00:00,ATG-BLU-01 Vila Itoupava,-26.755,-49.0906,0.0
2023-10-08 06:00:00+00:00,ATG-BLU-01 Vila Itoupava,-26.755,-49.0906,0.0
2023-10-08 07:00:00+00:00,ATG-BLU-01 Vila Itoupava,-26.755,-49.0906,0.0
2023-10-08 08:00:00+00:00,ATG-BLU-01 Vila Itoupava,-26.755,-49.0906,0.0
2023-10-08 09:00:00+00:00,ATG-BLU-01 Vila Itoupava,-26.755,-49.0906,0.1
2023-10-08 10:00:00+00:00,ATG-BLU-01 Vila Itoupava,-26.755,-49.0906,0.4
2023-10-08 11:00:00+00:00,ATG-BLU-01 Vila Itoupava,-26.755,-49.0906,0.8
2023-10-08 12:00:00+00:00,ATG-BLU-01 Vila Itoupava,-26.755,-49.0906,3.9
2023-10-08 13:00:00+00:00,ATG-BLU-01 Vila Itoupava,-26.755,-49.0906,0.5
2023-10-08 14:00:00+00:00,ATG-BLU-01 Vila Itoupava,-26.755,-49.0906,1.1
2023-10-08 15:00:00+00:00,ATG-BLU-01 Vila Itoupava,-26.755,-49.0906,2.5
2023-10-08 16:00:00+00:00,ATG-BLU-01 Vila Itoupava,-26.755,-49.0906,3.0
2023-10-08 17:00:00+00:00,ATG-BLU-01 Vila Itoupava,-26.755,-49.0906,4.3
2023-10-08 18:00:00+00:00,ATG-BLU-01 Vila Itoupava,-26.755,-49.0906,5.9
2023-10-08 19:00:00+00:00,ATG-BLU-01 Vila Itoupava,-26.755,-49.0906,6.8
2023-10-08 20:00:00+00:00,ATG-BLU-01 Vila Itoupava,-26.755,-49.0906,9.3
2023-10-08 21:00:00+00:00,ATG-BLU-01 Vila Itoupava,-26.755,-49.0906,7.7
2023-10-08 22:00:00+00:00,ATG-BLU-01 Vila Itoupava,-26.755,-49.0906,3.5
2023-10-08 23:00:00+00:00,ATG-BLU-01 Vila Itoupava,-26.755,-49.0906,1.7
2023-10-09 00:00:00+00:00,ATG-BLU-01 Vila Itoupava,-26.755,-49.0906,0.6
2023-10-09 01:00:00+00:00,ATG-BLU-01 Vila Itoupava,-26.755,-49.0906,1.0
2023-10-09 02:00:00+00:00,ATG-BLU-01 Vila Itoupava,-26.755,-49.0906,0.2
2023-10-09 03:00:00+00:00,ATG-BLU-01 Vila Itoupava,-26.755,-49.0906,0.1
2023-10-09 04:00:00+00:00,ATG-BLU-01 Vila Itoupava,-26.755,-49.0906,0.0
2023-10-09 05:00:00+00:00,ATG-BLU-01 Vila Itoupava,-26.755,-49.0906,0.0
2023-10-09 06:00:00+00:00,ATG-BLU-01 Vila Itoupava,-26.755,-49.0906,0.0
2023-10-09 07:00:00+00:00,ATG-BLU-01 Vila Itoupava,-26.755,-49.0906,0.0
2023-10-09 08:00:00+00:00,ATG-BLU-01 Vila Itoupava,-26.755,-49.0906,0.0
2023-10-09 09:00:00+00:00,ATG-BLU-01 Vila Itoupava,-26.755,-49.0906,0.0
2023-10-09 10:00:00+00:00,ATG-BLU-01 Vila Itoupava,-26.755,-49.0906,0.0
2023-10-09 11:00:00+00:00,ATG-BLU-01 Vila Itoupava,-26.755,-49.0906,0.0
2023-10-09 12:00:00+00:00,ATG-BLU-01 Vila Itoupava,-26.755,-49.0906,0.0
2023-10-09 13:00:00+00:00,ATG-BLU-01 Vila Itoupava,-26.755,-49.0906,0.1
2023-10-09 14:00:00+00:00,ATG-BLU-01 Vila Itoupava,-26.755,-49.0906,0.3
2023-10-09 15:00:00+00:00,ATG-BLU-01 Vila Itoupava,-26.755,-49.0906,0.3
2023-10-09 16:00:00+00:00,ATG-BLU-01 Vila Itoupava,-26.755,-49.0906,0.3
2023-10-09 17:00:00+00:00,ATG-BLU-01 Vila Itoupava,-26.755,-49.0906,0.0
2023-10-09 18:00:00+00:00,ATG-BLU-01 Vila Itoupava,-26.755,-49.0906,0.1
2023-10-09 19:00:00+00:00,ATG-BLU-01 Vila Itoupava,-26.755,-49.0906,0.3
2023-10-09 20:00:00+00:00,ATG-BLU-01 Vila Itoupava,-26.755,-49.0906,0.9
2023-10-09 21:00:00+00:00,ATG-BLU-01 Vila Itoupava,-26.755,-49.0906,0.1
2023-10-09 22:00:00+00:00,ATG-BLU-01 Vila Itoupava,-26.755,-49.0906,0.0
2023-10-09 23:00:00+00:00,ATG-BLU-01 Vila Itoupava,-26.755,-49.0906,0.0
2023-10-10 00:00:00+00:00,ATG-BLU-01 Vila Itoupava,-26.755,-49.0906,0.0
2023-10-10 01:00:00+00:00,ATG-BLU-01 Vila Itoupava,-26.755,-49.0906,0.0
2023-10-10 02:00:00+00:00,ATG-BLU-01 Vila Itoupava,-26.755,-49.0906,0.0
2023-10-10 03:00:00+00:00,ATG-BLU-01 Vila Itoupava,-26.755,-49.0906,0.0
2023-10-10 04:00:00+00:00,ATG-BLU-01 Vila Itoupava,-26.755,-49.0906,0.1
2023-10-10 05:00:00+00:00,ATG-BLU-01 Vila Itoupava,-26.755,-49.0906,0.0
2023-10-10 06:00:00+00:00,ATG-BLU-01 Vila Itoupava,-26.755,-49.0906,0.0
2023-10-10 07:00:00+00:00,ATG-BLU-01 Vila Itoupava,-26.755,-49.0906,0.0
2023-10-10 08:00:00+00:00,ATG-BLU-01 Vila Itoupava,-26.755,-49.0906,0.0
2023-10-10 09:00:00+00:00,ATG-BLU-01 Vila Itoupava,-26.755,-49.0906,0.0
2023-10-10 10:00:00+00:00,ATG-BLU-01 Vila Itoupava,-26.755,-49.0906,0.0
2023-10-10 11:00:00+00:00,ATG-BLU-01 Vila Itoupava,-26.755,-49.0906,0.0
2023-10-10 12:00:00+00:00,ATG-BLU-01 Vila Itoupava,-26.755,-49.0906,0.2
2023-10-10 13:00:00+00:00,ATG-BLU-01 Vila Itoupava,-26.755,-49.0906,0.1
2023-10-10 14:00:00+00:00,ATG-BLU-01 Vila Itoupava,-26.755,-49.0906,0.2
2023-10-10 15:00:00+00:00,ATG-BLU-01 Vila Itoupava,-26.755,-49.0906,0.1
2023-10-10 16:00:00+00:00,ATG-BLU-01 Vila Itoupava,-26.755,-49.0906,0.0
2023-10-10 17:00:00+00:00,ATG-BLU-01 Vila Itoupava,-26.755,-49.0906,0.0
2023-10-10 18:00:00+00:00,ATG-BLU-01 Vila Itoupava,-26.755,-49.0906,0.0
2023-10-10 19:00:00+00:00,ATG-BLU-01 Vila Itoupava,-26.755,-49.0906,0.0
2023-10-10 20:00:00+00:00,ATG-BLU-01 Vila Itoupava,-26.755,-49.0906,0.0
2023-10-10 21:00:00+00:00,ATG-BLU-01 Vila Itoupava,-26.755,-49.0906,0.0
2023-10-10 22:00:00+00:00,ATG-BLU-01 Vila Itoupava,-26.755,-49.0906,0.0
2023-10-10 23:00:00+00:00,ATG-BLU-01 Vila Itoupava,-26.755,-49.0906,0.0
2023-10-11 00:00:00+00:00,ATG-BLU-01 Vila Itoupava,-26.755,-49.0906,0.0
2023-10-11 01:00:00+00:00,ATG-BLU-01 Vila Itoupava,-26.755,-49.0906,0.0
2023-10-11 02:00:00+00:00,ATG-BLU-01 Vila Itoupava,-26.755,-49.0906,0.0
2023-10-11 03:00:00+00:00,ATG-BLU-01 Vila Itoupava,-26.755,-49.0906,0.0
2023-10-11 04:00:00+00:00,ATG-BLU-01 Vila Itoupava,-26.755,-49.0906,0.0
2023-10-11 05:00:00+00:00,ATG-BLU-01 Vila Itoupava,-26.755,-49.0906,0.0
2023-10-11 06:00:00+00:00,ATG-BLU-01 Vila Itoupava,-26.755,-49.0906,0.0
2023-10-11 07:00:00+00:00,ATG-BLU-01 Vila Itoupava,-26.755,-49.0906,0.0
2023-10-11 08:00:00+00:00,ATG-BLU-01 Vila Itoupava,-26.755,-49.0906,0.0
2023-10-11 09:00:00+00:00,ATG-BLU-01 Vila Itoupava,-26.755,-49.0906,0.0
2023-10-11 10:00:00+00:00,ATG-BLU-01 Vila Itoupava,-26.755,-49.0906,0.0
2023-10-11 11:00:00+00:00,ATG-BLU-01 Vila Itoupava,-26.755,-49.0906,0.0
2023-10-11 12:00:00+00:00,ATG-BLU-01 Vila Itoupava,-26.755,-49.0906,0.0
2023-10-11 13:00:00+00:00,ATG-BLU-01 Vila Itoupava,-26.755,-49.0906,0.0
2023-10-11 14:00:00+00:00,ATG-BLU-01 Vila Itoupava,-26.755,-49.0906,0.0
2023-10-11 15:00:00+00:00,ATG-BLU-01 Vila Itoupava,-26.755,-49.0906,0.0
2023-10-11 16:00:00+00:00,ATG-BLU-01 Vila Itoupava,-26.755,-49.0906,0.0
2023-10-11 17:00:00+00:00,ATG-BLU-01 Vila Itoupava,-26.755,-49.0906,0.0
2023-10-11 18:00:00+00:00,ATG-BLU-01 Vila Itoupava,-26.755,-49.0906,0.0
2023-10-11 19:00:00+00:00,ATG-BLU-01 Vila Itoupava,-26.755,-49.0906,0.0
2023-10-11 20:00:00+00:00,ATG-BLU-01 Vila Itoupava,-26.755,-49.0906,0.0
2023-10-11 21:00:00+00:00,ATG-BLU-01 Vila Itoupava,-26.755,-49.0906,0.2
2023-10-11 22:00:00+00:00,ATG-BLU-01 Vila Itoupava,-26.755,-49.0906,1.3
2023-10-11 23:00:00+00:00,ATG-BLU-01 Vila Itoupava,-26.755,-49.0906,0.0
2023-10-12 00:00:00+00:00,ATG-BLU-01 Vila Itoupava,-26.755,-49.0906,0.0
2023-10-12 01:00:00+00:00,ATG-BLU-01 Vila Itoupava,-26.755,-49.0906,0.7
2023-10-12 02:00:00+00:00,ATG-BLU-01 Vila Itoupava,-26.755,-49.0906,0.4
2023-10-12 03:00:00+00:00,ATG-BLU-01 Vila Itoupava,-26.755,-49.0906,0.1
2023-10-12 04:00:00+00:00,ATG-BLU-01 Vila Itoupava,-26.755,-49.0906,0.4
2023-10-12 05:00:00+00:00,ATG-BLU-01 Vila Itoupava,-26.755,-49.0906,1.1
2023-10-12 06:00:00+00:00,ATG-BLU-01 Vila Itoupava,-26.755,-49.0906,0.1
2023-10-12 07:00:00+00:00,ATG-BLU-01 Vila Itoupava,-26.755,-49.0906,4.6
2023-10-12 08:00:00+00:00,ATG-BLU-01 Vila Itoupava,-26.755,-49.0906,4.3
2023-10-12 09:00:00+00:00,ATG-BLU-01 Vila Itoupava,-26.755,-49.0906,0.1
2023-10-12 10:00:00+00:00,ATG-BLU-01 Vila Itoupava,-26.755,-49.0906,0.5
2023-10-12 11:00:00+00:00,ATG-BLU-01 Vila Itoupava,-26.755,-49.0906,5.5
2023-10-12 12:00:00+00:00,ATG-BLU-01 Vila Itoupava,-26.755,-49.0906,0.3
2023-10-12 13:00:00+00:00,ATG-BLU-01 Vila Itoupava,-26.755,-49.0906,6.7
2023-10-12 14:00:00+00:00,ATG-BLU-01 Vila Itoupava,-26.755,-49.0906,5.8
2023-10-12 15:00:00+00:00,ATG-BLU-01 Vila Itoupava,-26.755,-49.0906,4.4
2023-10-12 16:00:00+00:00,ATG-BLU-01 Vila Itoupava,-26.755,-49.0906,1.6
2023-10-12 17:00:00+00:00,ATG-BLU-01 Vila Itoupava,-26.755,-49.0906,1.6
2023-10-12 18:00:00+00:00,ATG-BLU-01 Vila Itoupava,-26.755,-49.0906,0.5
2023-10-12 19:00:00+00:00,ATG-BLU-01 Vila Itoupava,-26.755,-49.0906,0.3
2023-10-12 20:00:00+00:00,ATG-BLU-01 Vila Itoupava,-26.755,-49.0906,0.1
2023-10-12 21:00:00+00:00,ATG-BLU-01 Vila Itoupava,-26.755,-49.0906,0.1
2023-10-12 22:00:00+00:00,ATG-BLU-01 Vila Itoupava,-26.755,-49.0906,0.0
2023-10-12 23:00:00+00:00,ATG-BLU-01 Vila Itoupava,-26.755,-49.0906,0.1
2023-10-13 00:00:00+00:00,ATG-BLU-01 Vila Itoupava,-26.755,-49.0906,0.0
2023-10-13 01:00:00+00:00,ATG-BLU-01 Vila Itoupava,-26.755,-49.0906,0.0
2023-10-13 02:00:00+00:00,ATG-BLU-01 Vila Itoupava,-26.755,-49.0906,0.0
2023-10-13 03:00:00+00:00,ATG-BLU-01 Vila Itoupava,-26.755,-49.0906,0.0
2023-10-13 04:00:00+00:00,ATG-BLU-01 Vila Itoupava,-26.755,-49.0906,0.0
2023-10-13 05:00:00+00:00,ATG-BLU-01 Vila Itoupava,-26.755,-49.0906,0.0
2023-10-13 06:00:00+00:00,ATG-BLU-01 Vila Itoupava,-26.755,-49.0906,0.0
2023-10-13 07:00:00+00:00,ATG-BLU-01 Vila Itoupava,-26.755,-49.0906,0.1
2023-10-13 08:00:00+00:00,ATG-BLU-01 Vila Itoupava,-26.755,-49.0906,0.1
2023-10-13 09:00:00+00:00,ATG-BLU-01 Vila Itoupava,-26.755,-49.0906,0.1
2023-10-13 10:00:00+00:00,ATG-BLU-01 Vila Itoupava,-26.755,-49.0906,0.2
2023-10-13 11:00:00+00:00,ATG-BLU-01 Vila Itoupava,-26.755,-49.0906,0.1
2023-10-13 12:00:00+00:00,ATG-BLU-01 Vila Itoupava,-26.755,-49.0906,0.0
2023-10-13 13:00:00+00:00,ATG-BLU-01 Vila Itoupava,-26.755,-49.0906,0.0
2023-10-13 14:00:00+00:00,ATG-BLU-01 Vila Itoupava,-26.755,-49.0906,0.0
2023-10-13 15:00:00+00:00,ATG-BLU-01 Vila Itoupava,-26.755,-49.0906,0.0
2023-10-13 16:00:00+00:00,ATG-BLU-01 Vila Itoupava,-26.755,-49.0906,0.1
2023-10-13 17:00:00+00:00,ATG-BLU-01 Vila Itoupava,-26.755,-49.0906,0.1
2023-10-13 18:00:00+00:00,ATG-BLU-01 Vila Itoupava,-26.755,-49.0906,0.1
2023-10-13 19:00:00+00:00,ATG-BLU-01 Vila Itoupava,-26.755,-49.0906,0.1
2023-10-13 20:00:00+00:00,ATG-BLU-01 Vila Itoupava,-26.755,-49.0906,0.0
2023-10-13 21:00:00+00:00,ATG-BLU-01 Vila Itoupava,-26.755,-49.0906,0.0
2023-10-13 22:00:00+00:00,ATG-BLU-01 Vila Itoupava,-26.755,-49.0906,0.0
2023-10-13 23:00:00+00:00,ATG-BLU-01 Vila Itoupava,-26.755,-49.0906,0.0
2023-10-14 00:00:00+00:00,ATG-BLU-01 Vila Itoupava,-26.755,-49.0906,0.0
2023-10-14 01:00:00+00:00,ATG-BLU-01 Vila Itoupava,-26.755,-49.0906,0.0
2023-10-14 02:00:00+00:00,ATG-BLU-01 Vila Itoupava,-26.755,-49.0906,0.0
2023-10-14 03:00:00+00:00,ATG-BLU-01 Vila Itoupava,-26.755,-49.0906,0.0
2023-10-14 04:00:00+00:00,ATG-BLU-01 Vila Itoupava,-26.755,-49.0906,0.0
2023-10-14 05:00:00+00:00,ATG-BLU-01 Vila Itoupava,-26.755,-49.0906,0.0
2023-10-14 06:00:00+00:00,ATG-BLU-01 Vila Itoupava,-26.755,-49.0906,0.0
2023-10-14 07:00:00+00:00,ATG-BLU-01 Vila Itoupava,-26.755,-49.0906,0.0
2023-10-14 08:00:00+00:00,ATG-BLU-01 Vila Itoupava,-26.755,-49.0906,0.0
2023-10-14 09:00:00+00:00,ATG-BLU-01 Vila Itoupava,-26.755,-49.0906,0.0
2023-10-14 10:00:00+00:00,ATG-BLU-01 Vila Itoupava,-26.755,-49.0906,0.0
2023-10-14 11:00:00+00:00,ATG-BLU-01 Vila Itoupava,-26.755,-49.0906,0.0
2023-10-14 12:00:00+00:00,ATG-BLU-01 Vila Itoupava,-26.755,-49.0906,0.0
2023-10-14 13:00:00+00:00,ATG-BLU-01 Vila Itoupava,-26.755,-49.0906,0.1
2023-10-14 14:00:00+00:00,ATG-BLU-01 Vila Itoupava,-26.755,-49.0906,0.2
2023-10-14 15:00:00+00:00,ATG-BLU-01 Vila Itoupava,-26.755,-49.0906,0.2
2023-10-14 16:00:00+00:00,ATG-BLU-01 Vila Itoupava,-26.755,-49.0906,0.4
2023-10-14 17:00:00+00:00,ATG-BLU-01 Vila Itoupava,-26.755,-49.0906,0.1
2023-10-14 18:00:00+00:00,ATG-BLU-01 Vila Itoupava,-26.755,-49.0906,0.0
2023-10-14 19:00:00+00:00,ATG-BLU-01 Vila Itoupava,-26.755,-49.0906,0.0
2023-10-14 20:00:00+00:00,ATG-BLU-01 Vila Itoupava,-26.755,-49.0906,0.0
2023-10-14 21:00:00+00:00,ATG-BLU-01 Vila Itoupava,-26.755,-49.0906,0.0
2023-10-14 22:00:00+00:00,ATG-BLU-01 Vila Itoupava,-26.755,-49.0906,0.0
2023-10-14 23:00:00+00:00,ATG-BLU-01 Vila Itoupava,-26.755,-49.0906,0.0
2023-10-04 00:00:00+00:00,ATG-BLU-02 Itoupava Central,-26.8331,-49.1024,0.0
2023-10-04 01:00:00+00:00,ATG-BLU-02 Itoupava Central,-26.8331,-49.1024,0.0
2023-10-04 02:00:00+00:00,ATG-BLU-02 Itoupava Central,-26.8331,-49.1024,0.0
2023-10-04 03:00:00+00:00,ATG-BLU-02 Itoupava Central,-26.8331,-49.1024,0.0
2023-10-04 04:00:00+00:00,ATG-BLU-02 Itoupava Central,-26.8331,-49.1024,0.0
2023-10-04 05:00:00+00:00,ATG-BLU-02 Itoupava Central,-26.8331,-49.1024,0.0
2023-10-04 06:00:00+00:00,ATG-BLU-02 Itoupava Central,-26.8331,-49.1024,0.0
2023-10-04 07:00:00+00:00,ATG-BLU-02 Itoupava Central,-26.8331,-49.1024,0.0
2023-10-04 08:00:00+00:00,ATG-BLU-02 Itoupava Central,-26.8331,-49.1024,0.0
2023-10-04 09:00:00+00:00,ATG-BLU-02 Itoupava Central,-26.8331,-49.1024,0.9
2023-10-04 10:00:00+00:00,ATG-BLU-02 Itoupava Central,-26.8331,-49.1024,9.0
2023-10-04 11:00:00+00:00,ATG-BLU-02 Itoupava Central,-26.8331,-49.1024,5.4
2023-10-04 12:00:00+00:00,ATG-BLU-02 Itoupava Central,-26.8331,-49.1024,9.1
2023-10-04 13:00:00+00:00,ATG-BLU-02 Itoupava Central,-26.8331,-49.1024,2.1
2023-10-04 14:00:00+00:00,ATG-BLU-02 Itoupava Central,-26.8331,-49.1024,2.3
2023-10-04 15:00:00+00:00,ATG-BLU-02 Itoupava Central,-26.8331,-49.1024,3.3
2023-10-04 16:00:00+00:00,ATG-BLU-02 Itoupava Central,-26.8331,-49.1024,4.7
2023-10-04 17:00:00+00:00,ATG-BLU-02 Itoupava Central,-26.8331,-49.1024,2.2
2023-10-04 18:00:00+00:00,ATG-BLU-02 Itoupava Central,-26.8331,-49.1024,0.4
2023-10-04 19:00:00+00:00,ATG-BLU-02 Itoupava Central,-26.8331,-49.1024,4.1
2023-10-04 20:00:00+00:00,ATG-BLU-02 Itoupava Central,-26.8331,-49.1024,1.3
2023-10-04 21:00:00+00:00,ATG-BLU-02 Itoupava Central,-26.8331,-49.1024,0.6
2023-10-04 22:00:00+00:00,ATG-BLU-02 Itoupava Central,-26.8331,-49.1024,0.2
2023-10-04 23:00:00+00:00,ATG-BLU-02 Itoupava Central,-26.8331,-49.1024,0.2
2023-10-05 00:00:00+00:00,ATG-BLU-02 Itoupava Central,-26.8331,-49.1024,0.1
2023-10-05 01:00:00+00:00,ATG-BLU-02 Itoupava Central,-26.8331,-49.1024,0.0
2023-10-05 02:00:00+00:00,ATG-BLU-02 Itoupava Central,-26.8331,-49.1024,2.0
2023-10-05 03:00:00+00:00,ATG-BLU-02 Itoupava Central,-26.8331,-49.1024,0.0
2023-10-05 04:00:00+00:00,ATG-BLU-02 Itoupava Central,-26.8331,-49.1024,0.0
2023-10-05 05:00:00+00:00,ATG-BLU-02 Itoupava Central,-26.8331,-49.1024,0.0
2023-10-05 06:00:00+00:00,ATG-BLU-02 Itoupava Central,-26.8331,-49.1024,0.0
2023-10-05 07:00:00+00:00,ATG-BLU-02 Itoupava Central,-26.8331,-49.1024,0.0
2023-10-05 08:00:00+00:00,ATG-BLU-02 Itoupava Central,-26.8331,-49.1024,0.0
2023-10-05 09:00:00+00:00,ATG-BLU-02 Itoupava Central,-26.8331,-49.1024,0.2
2023-10-05 10:00:00+00:00,ATG-BLU-02 Itoupava Central,-26.8331,-49.1024,0.1
2023-10-05 11:00:00+00:00,ATG-BLU-02 Itoupava Central,-26.8331,-49.1024,0.1
2023-10-05 12:00:00+00:00,ATG-BLU-02 Itoupava Central,-26.8331,-49.1024,0.0
2023-10-05 13:00:00+00:00,ATG-BLU-02 Itoupava Central,-26.8331,-49.1024,0.1
2023-10-05 14:00:00+00:00,ATG-BLU-02 Itoupava Central,-26.8331,-49.1024,0.1
2023-10-05 15:00:00+00:00,ATG-BLU-02 Itoupava Central,-26.8331,-49.1024,0.3
2023-10-05 16:00:00+00:00,ATG-BLU-02 Itoupava Central,-26.8331,-49.1024,0.3
2023-10-05 17:00:00+00:00,ATG-BLU-02 Itoupava Central,-26.8331,-49.1024,0.1
2023-10-05 18:00:00+00:00,ATG-BLU-02 Itoupava Central,-26.8331,-49.1024,0.1
2023-10-05 19:00:00+00:00,ATG-BLU-02 Itoupava Central,-26.8331,-49.1024,0.2
2023-10-05 20:00:00+00:00,ATG-BLU-02 Itoupava Central,-26.8331,-49.1024,0.1
2023-10-05 21:00:00+00:00,ATG-BLU-02 Itoupava Central,-26.8331,-49.1024,0.0
2023-10-05 22:00:00+00:00,ATG-BLU-02 Itoupava Central,-26.8331,-49.1024,0.0
2023-10-05 23:00:00+00:00,ATG-BLU-02 Itoupava Central,-26.8331,-49.1024,0.0
2023-10-06 00:00:00+00:00,ATG-BLU-02 Itoupava Central,-26.8331,-49.1024,0.0
2023-10-06 01:00:00+00:00,ATG-BLU-02 Itoupava Central,-26.8331,-49.1024,0.0
2023-10-06 02:00:00+00:00,ATG-BLU-02 Itoupava Central,-26.8331,-49.1024,0.0
2023-10-06 03:00:00+00:00,ATG-BLU-02 Itoupava Central,-26.8331,-49.1024,0.1
2023-10-06 04:00:00+00:00,ATG-BLU-02 Itoupava Central,-26.8331,-49.1024,0.1
2023-10-06 05:00:00+00:00,ATG-BLU-02 Itoupava Central,-26.8331,-49.1024,0.1
2023-10-06 06:00:00+00:00,ATG-BLU-02 Itoupava Central,-26.8331,-49.1024,0.1
2023-10-06 07:00:00+00:00,ATG-BLU-02 Itoupava Central,-26.8331,-49.1024,0.0
2023-10-06 08:00:00+00:00,ATG-BLU-02 Itoupava Central,-26.8331,-49.1024,0.0
2023-10-06 09:00:00+00:00,ATG-BLU-02 Itoupava Central,-26.8331,-49.1024,6.7
2023-10-06 10:00:00+00:00,ATG-BLU-02 Itoupava Central,-26.8331,-49.1024,4.1
2023-10-06 11:00:00+00:00,ATG-BLU-02 Itoupava Central,-26.8331,-49.1024,0.0
2023-10-06 12:00:00+00:00,ATG-BLU-02 Itoupava Central,-26.8331,-49.1024,0.1
2023-10-06 13:00:00+00:00,ATG-BLU-02 Itoupava Central,-26.8331,-49.1024,1.1
2023-10-06 14:00:00+00:00,ATG-BLU-02 Itoupava Central,-26.8331,-49.1024,7.6
2023-10-06 15:00:00+00:00,ATG-BLU-02 Itoupava Central,-26.8331,-49.1024,0.0
2023-10-06 16:00:00+00:00,ATG-BLU-02 Itoupava Central,-26.8331,-49.1024,0.0
2023-10-06 17:00:00+00:00,ATG-BLU-02 Itoupava Central,-26.8331,-49.1024,0.1
2023-10-06 18:00:00+00:00,ATG-BLU-02 Itoupava Central,-26.8331,-49.1024,0.2
2023-10-06 19:00:00+00:00,ATG-BLU-02 Itoupava Central,-26.8331,-49.1024,0.3
2023-10-06 20:00:00+00:00,ATG-BLU-02 Itoupava Central,-26.8331,-49.1024,0.0
2023-10-06 21:00:00+00:00,ATG-BLU-02 Itoupava Central,-26.8331,-49.1024,0.0
2023-10-06 22:00:00+00:00,ATG-BLU-02 Itoupava Central,-26.8331,-49.1024,0.0
2023-10-06 23:00:00+00:00,ATG-BLU-02 Itoupava Central,-26.8331,-49.1024,0.0
2023-10-07 00:00:00+00:00,ATG-BLU-02 Itoupava Central,-26.8331,-49.1024,0.0
2023-10-07 01:00:00+00:00,ATG-BLU-02 Itoupava Central,-26.8331,-49.1024,0.0
2023-10-07 02:00:00+00:00,ATG-BLU-02 Itoupava Central,-26.8331,-49.1024,0.4
2023-10-07 03:00:00+00:00,ATG-BLU-02 Itoupava Central,-26.8331,-49.1024,0.4
2023-10-07 04:00:00+00:00,ATG-BLU-02 Itoupava Central,-26.8331,-49.1024,0.2
2023-10-07 05:00:00+00:00,ATG-BLU-02 Itoupava Central,-26.8331,-49.1024,0.2
2023-10-07 06:00:00+00:00,ATG-BLU-02 Itoupava Central,-26.8331,-49.1024,0.0
2023-10-07 07:00:00+00:00,ATG-BLU-02 Itoupava Central,-26.8331,-49.1024,0.1
2023-10-07 08:00:00+00:00,ATG-BLU-02 Itoupava Central,-26.8331,-49.1024,0.0
2023-10-07 09:00:00+00:00,ATG-BLU-02 Itoupava Central,-26.8331,-49.1024,0.0
2023-10-07 10:00:00+00:00,ATG-BLU-02 Itoupava Central,-26.8331,-49.1024,0.0
2023-10-07 11:00:00+00:00,ATG-BLU-02 Itoupava Central,-26.8331,-49.1024,0.1
2023-10-07 12:00:00+00:00,ATG-BLU-02 Itoupava Central,-26.8331,-49.1024,0.3
2023-10-07 13:00:00+00:00,ATG-BLU-02 Itoupava Central,-26.8331,-49.1024,2.1
2023-10-07 14:00:00+00:00,ATG-BLU-02 Itoupava Central,-26.8331,-49.1024,2.9
2023-10-07 15:00:00+00:00,ATG-BLU-02 Itoupava Central,-26.8331,-49.1024,0.7
2023-10-07 16:00:00+00:00,ATG-BLU-02 Itoupava Central,-26.8331,-49.1024,4.9
2023-10-07 17:00:00+00:00,ATG-BLU-02 Itoupava Central,-26.8331,-49.1024,0.7
2023-10-07 18:00:00+00:00,ATG-BLU-02 Itoupava Central,-26.8331,-49.1024,0.3
2023-10-07 19:00:00+00:00,ATG-BLU-02 Itoupava Central,-26.8331,-49.1024,0.1
2023-10-07 20:00:00+00:00,ATG-BLU-02 Itoupava Central,-26.8331,-49.1024,0.0
2023-10-07 21:00:00+00:00,ATG-BLU-02 Itoupava Central,-26.8331,-49.1024,0.1
2023-10-07 22:00:00+00:00,ATG-BLU-02 Itoupava Central,-26.8331,-49.1024,0.0
2023-10-07 23:00:00+00:00,ATG-BLU-02 Itoupava Central,-26.8331,-49.1024,1.3
2023-10-08 00:00:00+00:00,ATG-BLU-02 Itoupava Central,-26.8331,-49.1024,0.6
2023-10-08 01:00:00+00:00,ATG-BLU-02 Itoupava Central,-26.8331,-49.1024,0.0
2023-10-08 02:00:00+00:00,ATG-BLU-02 Itoupava Central,-26.8331,-49.1024,0.0
2023-10-08 03:00:00+00:00,ATG-BLU-02 Itoupava Central,-26.8331,-49.1024,0.0
2023-10-08 04:00:00+00:00,ATG-BLU-02 Itoupava Central,-26.8331,-49.1024,0.3
2023-10-08 05:00:00+00:00,ATG-BLU-02 Itoupava Central,-26.8331,-49.1024,0.1
2023-10-08 06:00:00+00:00,ATG-BLU-02 Itoupava Central,-26.8331,-49.1024,0.0
2023-10-08 07:00:00+00:00,ATG-BLU-02 Itoupava Central,-26.8331,-49.1024,0.0
2023-10-08 08:00:00+00:00,ATG-BLU-02 Itoupava Central,-26.8331,-49.1024,0.0
2023-10-08 09:00:00+00:00,ATG-BLU-02 Itoupava Central,-26.8331,-49.1024,0.2
2023-10-08 10:00:00+00:00,ATG-BLU-02 Itoupava Central,-26.8331,-49.1024,0.5
2023-10-08 11:00:00+00:00,ATG-BLU-02 Itoupava Central,-26.8331,-49.1024,0.9
2023-10-08 12:00:00+00:00,ATG-BLU-02 Itoupava Central,-26.8331,-49.1024,1.7
2023-10-08 13:00:00+00:00,ATG-BLU-02 Itoupava Central,-26.8331,-49.1024,0.4
2023-10-08 14:00:00+00:00,ATG-BLU-02 Itoupava Central,-26.8331,-49.1024,1.3
2023-10-08 15:00:00+00:00,ATG-BLU-02 Itoupava Central,-26.8331,-49.1024,2.9
2023-10-08 16:00:00+00:00,ATG-BLU-02 Itoupava Central,-26.8331,-49.1024,3.5
2023-10-08 17:00:00+00:00,ATG-BLU-02 Itoupava Central,-26.8331,-49.1024,5.2
2023-10-08 18:00:00+00:00,ATG-BLU-02 Itoupava Central,-26.8331,-49.1024,6.6
2023-10-08 19:00:00+00:00,ATG-BLU-02 Itoupava Central,-26.8331,-49.1024,7.5
2023-10-08 20:00:00+00:00,ATG-BLU-02 Itoupava Central,-26.8331,-49.1024,8.7
2023-10-08 21:00:00+00:00,ATG-BLU-02 Itoupava Central,-26.8331,-49.1024,7.7
2023-10-08 22:00:00+00:00,ATG-BLU-02 Itoupava Central,-26.8331,-49.1024,1.9
2023-10-08 23:00:00+00:00,ATG-BLU-02 Itoupava Central,-26.8331,-49.1024,1.1
2023-10-09 00:00:00+00:00,ATG-BLU-02 Itoupava Central,-26.8331,-49.1024,0.5
2023-10-09 01:00:00+00:00,ATG-BLU-02 Itoupava Central,-26.8331,-49.1024,0.9
2023-10-09 02:00:00+00:00,ATG-BLU-02 Itoupava Central,-26.8331,-49.1024,0.3
2023-10-09 03:00:00+00:00,ATG-BLU-02 Itoupava Central,-26.8331,-49.1024,0.1
2023-10-09 04:00:00+00:00,ATG-BLU-02 Itoupava Central,-26.8331,-49.1024,0.0
2023-10-09 05:00:00+00:00,ATG-BLU-02 Itoupava Central,-26.8331,-49.1024,0.0
2023-10-09 06:00:00+00:00,ATG-BLU-02 Itoupava Central,-26.8331,-49.1024,0.0
2023-10-09 07:00:00+00:00,ATG-BLU-02 Itoupava Central,-26.8331,-49.1024,0.0
2023-10-09 08:00:00+00:00,ATG-BLU-02 Itoupava Central,-26.8331,-49.1024,0.0
2023-10-09 09:00:00+00:00,ATG-BLU-02 Itoupava Central,-26.8331,-49.1024,0.0
2023-10-09 10:00:00+00:00,ATG-BLU-02 Itoupava Central,-26.8331,-49.1024,0.0
2023-10-09 11:00:00+00:00,ATG-BLU-02 Itoupava Central,-26.8331,-49.1024,0.0
2023-10-09 12:00:00+00:00,ATG-BLU-02 Itoupava Central,-26.8331,-49.1024,0.0
2023-10-09 13:00:00+00:00,ATG-BLU-02 Itoupava Central,-26.8331,-49.1024,0.2
2023-10-09 14:00:00+00:00,ATG-BLU-02 Itoupava Central,-26.8331,-49.1024,0.5
2023-10-09 15:00:00+00:00,ATG-BLU-02 Itoupava Central,-26.8331,-49.1024,0.2
2023-10-09 16:00:00+00:00,ATG-BLU-02 Itoupava Central,-26.8331,-49.1024,0.0
2023-10-09 17:00:00+00:00,ATG-BLU-02 Itoupava Central,-26.8331,-49.1024,0.0
2023-10-09 18:00:00+00:00,ATG-BLU-02 Itoupava Central,-26.8331,-49.1024,0.2
2023-10-09 19:00:00+00:00,ATG-BLU-02 Itoupava Central,-26.8331,-49.1024,0.3
2023-10-09 20:00:00+00:00,ATG-BLU-02 Itoupava Central,-26.8331,-49.1024,0.8
2023-10-09 21:00:00+00:00,ATG-BLU-02 Itoupava Central,-26.8331,-49.1024,0.3
2023-10-09 22:00:00+00:00,ATG-BLU-02 Itoupava Central,-26.8331,-49.1024,0.0
2023-10-09 23:00:00+00:00,ATG-BLU-02 Itoupava Central,-26.8331,-49.1024,0.0
2023-10-10 00:00:00+00:00,ATG-BLU-02 Itoupava Central,-26.8331,-49.1024,0.0
2023-10-10 01:00:00+00:00,ATG-BLU-02 Itoupava Central,-26.8331,-49.1024,0.0
2023-10-10 02:00:00+00:00,ATG-BLU-02 Itoupava Central,-26.8331,-49.1024,0.0
2023-10-10 03:00:00+00:00,ATG-BLU-02 Itoupava Central,-26.8331,-49.1024,0.0
2023-10-10 04:00:00+00:00,ATG-BLU-02 Itoupava Central,-26.8331,-49.1024,0.0
2023-10-10 05:00:00+00:00,ATG-BLU-02 Itoupava Central,-26.8331,-49.1024,0.0
2023-10-10 06:00:00+00:00,ATG-BLU-02 Itoupava Central,-26.8331,-49.1024,0.0
2023-10-10 07:00:00+00:00,ATG-BLU-02 Itoupava Central,-26.8331,-49.1024,0.0
2023-10-10 08:00:00+00:00,ATG-BLU-02 Itoupava Central,-26.8331,-49.1024,0.0
2023-10-10 09:00:00+00:00,ATG-BLU-02 Itoupava Central,-26.8331,-49.1024,0.0
2023-10-10 10:00:00+00:00,ATG-BLU-02 Itoupava Central,-26.8331,-49.1024,0.0
2023-10-10 11:00:00+00:00,ATG-BLU-02 Itoupava Central,-26.8331,-49.1024,0.0
2023-10-10 12:00:00+00:00,ATG-BLU-02 Itoupava Central,-26.8331,-49.1024,0.1
2023-10-10 13:00:00+00:00,ATG-BLU-02 Itoupava Central,-26.8331,-49.1024,0.1
2023-10-10 14:00:00+00:00,ATG-BLU-02 Itoupava Central,-26.8331,-49.1024,0.1
2023-10-10 15:00:00+00:00,ATG-BLU-02 Itoupava Central,-26.8331,-49.1024,0.1
2023-10-10 16:00:00+00:00,ATG-BLU-02 Itoupava Central,-26.8331,-49.1024,0.0
2023-10-10 17:00:00+00:00,ATG-BLU-02 Itoupava Central,-26.8331,-49.1024,0.0
2023-10-10 18:00:00+00:00,ATG-BLU-02 Itoupava Central,-26.8331,-49.1024,0.0
2023-10-10 19:00:00+00:00,ATG-BLU-02 Itoupava Central,-26.8331,-49.1024,0.0
2023-10-10 20:00:00+00:00,ATG-BLU-02 Itoupava Central,-26.8331,-49.1024,0.0
2023-10-10 21:00:00+00:00,ATG-BLU-02 Itoupava Central,-26.8331,-49.1024,0.0
2023-10-10 22:00:00+00:00,ATG-BLU-02 Itoupava Central,-26.8331,-49.1024,0.0
2023-10-10 23:00:00+00:00,ATG-BLU-02 Itoupava Central,-26.8331,-49.1024,0.0
2023-10-11 00:00:00+00:00,ATG-BLU-02 Itoupava Central,-26.8331,-49.1024,0.0
2023-10-11 01:00:00+00:00,ATG-BLU-02 Itoupava Central,-26.8331,-49.1024,0.0
2023-10-11 02:00:00+00:00,ATG-BLU-02 Itoupava Central,-26.8331,-49.1024,0.0
2023-10-11 03:00:00+00:00,ATG-BLU-02 Itoupava Central,-26.8331,-49.1024,0.0
2023-10-11 04:00:00+00:00,ATG-BLU-02 Itoupava Central,-26.8331,-49.1024,0.0
2023-10-11 05:00:00+00:00,ATG-BLU-02 Itoupava Central,-26.8331,-49.1024,0.0
2023-10-11 06:00:00+00:00,ATG-BLU-02 Itoupava Central,-26.8331,-49.1024,0.0
2023-10-11 07:00:00+00:00,ATG-BLU-02 Itoupava Central,-26.8331,-49.1024,0.0
2023-10-11 08:00:00+00:00,ATG-BLU-02 Itoupava Central,-26.8331,-49.1024,0.0
2023-10-11 09:00:00+00:00,ATG-BLU-02 Itoupava Central,-26.8331,-49.1024,0.0
2023-10-11 10:00:00+00:00,ATG-BLU-02 Itoupava Central,-26.8331,-49.1024,0.0
2023-10-11 11:00:00+00:00,ATG-BLU-02 Itoupava Central,-26.8331,-49.1024,0.0
2023-10-11 12:00:00+00:00,ATG-BLU-02 Itoupava Central,-26.8331,-49.1024,0.0
2023-10-11 13:00:00+00:00,ATG-BLU-02 Itoupava Central,-26.8331,-49.1024,0.0
2023-10-11 14:00:00+00:00,ATG-BLU-02 Itoupava Central,-26.8331,-49.1024,0.0
2023-10-11 15:00:00+00:00,ATG-BLU-02 Itoupava Central,-26.8331,-49.1024,0.0
2023-10-11 16:00:00+00:00,ATG-BLU-02 Itoupava Central,-26.8331,-49.1024,0.0
2023-10-11 17:00:00+00:00,ATG-BLU-02 Itoupava Central,-26.8331,-49.1024,0.0
2023-10-11 18:00:00+00:00,ATG-BLU-02 Itoupava Central,-26.8331,-49.1024,0.0
2023-10-11 19:00:00+00:00,ATG-BLU-02 Itoupava Central,-26.8331,-49.1024,0.0
2023-10-11 20:00:00+00:00,ATG-BLU-02 Itoupava Central,-26.8331,-49.1024,0.0
2023-10-11 21:00:00+00:00,ATG-BLU-02 Itoupava Central,-26.8331,-49.1024,0.4
2023-10-11 22:00:00+00:00,ATG-BLU-02 Itoupava Central,-26.8331,-49.1024,0.4
2023-10-11 23:00:00+00:00,ATG-BLU-02 Itoupava Central,-26.8331,-49.1024,0.0
2023-10-12 00:00:00+00:00,ATG-BLU-02 Itoupava Central,-26.8331,-49.1024,0.0
2023-10-12 01:00:00+00:00,ATG-BLU-02 Itoupava Central,-26.8331,-49.1024,0.1
2023-10-12 02:00:00+00:00,ATG-BLU-02 Itoupava Central,-26.8331,-49.1024,0.1
2023-10-12 03:00:00+00:00,ATG-BLU-02 Itoupava Central,-26.8331,-49.1024,0.2
2023-10-12 04:00:00+00:00,ATG-BLU-02 Itoupava Central,-26.8331,-49.1024,0.5
2023-10-12 05:00:00+00:00,ATG-BLU-02 Itoupava Central,-26.8331,-49.1024,0.5
2023-10-12 06:00:00+00:00,ATG-BLU-02 Itoupava Central,-26.8331,-49.1024,0.3
2023-10-12 07:00:00+00:00,ATG-BLU-02 Itoupava Central,-26.8331,-49.1024,0.5
2023-10-12 08:00:00+00:00,ATG-BLU-02 Itoupava Central,-26.8331,-49.1024,4.8
2023-10-12 09:00:00+00:00,ATG-BLU-02 Itoupava Central,-26.8331,-49.1024,0.1
2023-10-12 10:00:00+00:00,ATG-BLU-02 Itoupava Central,-26.8331,-49.1024,1.0
2023-10-12 11:00:00+00:00,ATG-BLU-02 Itoupava Central,-26.8331,-49.1024,2.9
2023-10-12 12:00:00+00:00,ATG-BLU-02 Itoupava Central,-26.8331,-49.1024,0.3
2023-10-12 13:00:00+00:00,ATG-BLU-02 Itoupava Central,-26.8331,-49.1024,6.9
2023-10-12 14:00:00+00:00,ATG-BLU-02 Itoupava Central,-26.8331,-49.1024,7.0
2023-10-12 15:00:00+00:00,ATG-BLU-02 Itoupava Central,-26.8331,-49.1024,6.2
2023-10-12 16:00:00+00:00,ATG-BLU-02 Itoupava Central,-26.8331,-49.1024,1.2
2023-10-12 17:00:00+00:00,ATG-BLU-02 Itoupava Central,-26.8331,-49.1024,1.4
2023-10-12 18:00:00+00:00,ATG-BLU-02 Itoupava Central,-26.8331,-49.1024,0.5
2023-10-12 19:00:00+00:00,ATG-BLU-02 Itoupava Central,-26.8331,-49.1024,0.2
2023-10-12 20:00:00+00:00,ATG-BLU-02 Itoupava Central,-26.8331,-49.1024,0.1
2023-10-12 21:00:00+00:00,ATG-BLU-02 Itoupava Central,-26.8331,-49.1024,0.1
2023-10-12 22:00:00+00:00,ATG-BLU-02 Itoupava Central,-26.8331,-49.1024,0.2
2023-10-12 23:00:00+00:00,ATG-BLU-02 Itoupava Central,-26.8331,-49.1024,0.2
2023-10-13 00:00:00+00:00,ATG-BLU-02 Itoupava Central,-26.8331,-49.1024,0.0
2023-10-13 01:00:00+00:00,ATG-BLU-02 Itoupava Central,-26.8331,-49.1024,0.0
2023-10-13 02:00:00+00:00,ATG-BLU-02 Itoupava Central,-26.8331,-49.1024,0.0
2023-10-13 03:00:00+00:00,ATG-BLU-02 Itoupava Central,-26.8331,-49.1024,0.0
2023-10-13 04:00:00+00:00,ATG-BLU-02 Itoupava Central,-26.8331,-49.1024,0.0
2023-10-13 05:00:00+00:00,ATG-BLU-02 Itoupava Central,-26.8331,-49.1024,0.0
2023-10-13 06:00:00+00:00,ATG-BLU-02 Itoupava Central,-26.8331,-49.1024,0.0
2023-10-13 07:00:00+00:00,ATG-BLU-02 Itoupava Central,-26.8331,-49.1024,0.0
2023-10-13 08:00:00+00:00,ATG-BLU-02 Itoupava Central,-26.8331,-49.1024,0.0
2023-10-13 09:00:00+00:00,ATG-BLU-02 Itoupava Central,-26.8331,-49.1024,0.0
2023-10-13 10:00:00+00:00,ATG-BLU-02 Itoupava Central,-26.8331,-49.1024,0.1
2023-10-13 11:00:00+00:00,ATG-BLU-02 Itoupava Central,-26.8331,-49.1024,0.0
2023-10-13 12:00:00+00:00,ATG-BLU-02 Itoupava Central,-26.8331,-49.1024,0.0
2023-10-13 13:00:00+00:00,ATG-BLU-02 Itoupava Central,-26.8331,-49.1024,0.0
2023-10-13 14:00:00+00:00,ATG-BLU-02 Itoupava Central,-26.8331,-49.1024,0.0
2023-10-13 15:00:00+00:00,ATG-BLU-02 Itoupava Central,-26.8331,-49.1024,0.0
2023-10-13 16:00:00+00:00,ATG-BLU-02 Itoupava Central,-26.8331,-49.1024,0.0
2023-10-13 17:00:00+00:00,ATG-BLU-02 Itoupava Central,-26.8331,-49.1024,0.0
2023-10-13 18:00:00+00:00,ATG-BLU-02 Itoupava Central,-26.8331,-49.1024,0.0
2023-10-13 19:00:00+00:00,ATG-BLU-02 Itoupava Central,-26.8331,-49.1024,0.0
2023-10-13 20:00:00+00:00,ATG-BLU-02 Itoupava Central,-26.8331,-49.1024,0.0
2023-10-13 21:00:00+00:00,ATG-BLU-02 Itoupava Central,-26.8331,-49.1024,0.0
2023-10-13 22:00:00+00:00,ATG-BLU-02 Itoupava Central,-26.8331,-49.1024,0.0
2023-10-13 23:00:00+00:00,ATG-BLU-02 Itoupava Central,-26.8331,-49.1024,0.0
2023-10-14 00:00:00+00:00,ATG-BLU-02 Itoupava Central,-26.8331,-49.1024,0.0
2023-10-14 01:00:00+00:00,ATG-BLU-02 Itoupava Central,-26.8331,-49.1024,0.0
2023-10-14 02:00:00+00:00,ATG-BLU-02 Itoupava Central,-26.8331,-49.1024,0.0
2023-10-14 03:00:00+00:00,ATG-BLU-02 Itoupava Central,-26.8331,-49.1024,0.0
2023-10-14 04:00:00+00:00,ATG-BLU-02 Itoupava Central,-26.8331,-49.1024,0.0
2023-10-14 05:00:00+00:00,ATG-BLU-02 Itoupava Central,-26.8331,-49.1024,0.0
2023-10-14 06:00:00+00:00,ATG-BLU-02 Itoupava Central,-26.8331,-49.1024,0.0
2023-10-14 07:00:00+00:00,ATG-BLU-02 Itoupava Central,-26.8331,-49.1024,0.0
2023-10-14 08:00:00+00:00,ATG-BLU-02 Itoupava Central,-26.8331,-49.1024,0.0
2023-10-14 09:00:00+00:00,ATG-BLU-02 Itoupava Central,-26.8331,-49.1024,0.0
2023-10-14 10:00:00+00:00,ATG-BLU-02 Itoupava Central,-26.8331,-49.1024,0.0
2023-10-14 11:00:00+00:00,ATG-BLU-02 Itoupava Central,-26.8331,-49.1024,0.0
2023-10-14 12:00:00+00:00,ATG-BLU-02 Itoupava Central,-26.8331,-49.1024,0.0
2023-10-14 13:00:00+00:00,ATG-BLU-02 Itoupava Central,-26.8331,-49.1024,0.1
2023-10-14 14:00:00+00:00,ATG-BLU-02 Itoupava Central,-26.8331,-49.1024,0.1
2023-10-14 15:00:00+00:00,ATG-BLU-02 Itoupava Central,-26.8331,-49.1024,0.1
2023-10-14 16:00:00+00:00,ATG-BLU-02 Itoupava Central,-26.8331,-49.1024,0.1
2023-10-14 17:00:00+00:00,ATG-BLU-02 Itoupava Central,-26.8331,-49.1024,0.2
2023-10-14 18:00:00+00:00,ATG-BLU-02 Itoupava Central,-26.8331,-49.1024,0.1
2023-10-14 19:00:00+00:00,ATG-BLU-02 Itoupava Central,-26.8331,-49.1024,0.0
2023-10-14 20:00:00+00:00,ATG-BLU-02 Itoupava Central,-26.8331,-49.1024,0.0
2023-10-14 21:00:00+00:00,ATG-BLU-02 Itoupava Central,-26.8331,-49.1024,0.0
2023-10-14 22:00:00+00:00,ATG-BLU-02 Itoupava Central,-26.8331,-49.1024,0.0
2023-10-14 23:00:00+00:00,ATG-BLU-02 Itoupava Central,-26.8331,-49.1024,0.0
2023-10-04 00:00:00+00:00,ATG-BLU-04 Garcia,-26.9401,-49.0678,0.0
2023-10-04 01:00:00+00:00,ATG-BLU-04 Garcia,-26.9401,-49.0678,0.0
2023-10-04 02:00:00+00:00,ATG-BLU-04 Garcia,-26.9401,-49.0678,0.0
2023-10-04 03:00:00+00:00,ATG-BLU-04 Garcia,-26.9401,-49.0678,0.0
2023-10-04 04:00:00+00:00,ATG-BLU-04 Garcia,-26.9401,-49.0678,0.0
2023-10-04 05:00:00+00:00,ATG-BLU-04 Garcia,-26.9401,-49.0678,0.0
2023-10-04 06:00:00+00:00,ATG-BLU-04 Garcia,-26.9401,-49.0678,0.0
2023-10-04 07:00:00+00:00,ATG-BLU-04 Garcia,-26.9401,-49.0678,0.0
2023-10-04 08:00:00+00:00,ATG-BLU-04 Garcia,-26.9401,-49.0678,0.0
2023-10-04 09:00:00+00:00,ATG-BLU-04 Garcia,-26.9401,-49.0678,0.1
2023-10-04 10:00:00+00:00,ATG-BLU-04 Garcia,-26.9401,-49.0678,6.1
2023-10-04 11:00:00+00:00,ATG-BLU-04 Garcia,-26.9401,-49.0678,16.4
2023-10-04 12:00:00+00:00,ATG-BLU-04 Garcia,-26.9401,-49.0678,5.3
2023-10-04 13:00:00+00:00,ATG-BLU-04 Garcia,-26.9401,-49.0678,1.7
2023-10-04 14:00:00+00:00,ATG-BLU-04 Garcia,-26.9401,-49.0678,2.0
2023-10-04 15:00:00+00:00,ATG-BLU-04 Garcia,-26.9401,-49.0678,3.8
2023-10-04 16:00:00+00:00,ATG-BLU-04 Garcia,-26.9401,-49.0678,3.8
2023-10-04 17:00:00+00:00,ATG-BLU-04 Garcia,-26.9401,-49.0678,2.3
2023-10-04 18:00:00+00:00,ATG-BLU-04 Garcia,-26.9401,-49.0678,1.7
2023-10-04 19:00:00+00:00,ATG-BLU-04 Garcia,-26.9401,-49.0678,8.1
2023-10-04 20:00:00+00:00,ATG-BLU-04 Garcia,-26.9401,-49.0678,1.0
2023-10-04 21:00:00+00:00,ATG-BLU-04 Garcia,-26.9401,-49.0678,0.0
2023-10-04 22:00:00+00:00,ATG-BLU-04 Garcia,-26.9401,-49.0678,0.1
2023-10-04 23:00:00+00:00,ATG-BLU-04 Garcia,-26.9401,-49.0678,0.1
2023-10-05 00:00:00+00:00,ATG-BLU-04 Garcia,-26.9401,-49.0678,0.7
2023-10-05 01:00:00+00:00,ATG-BLU-04 Garcia,-26.9401,-49.0678,0.7
2023-10-05 02:00:00+00:00,ATG-BLU-04 Garcia,-26.9401,-49.0678,0.8
2023-10-05 03:00:00+00:00,ATG-BLU-04 Garcia,-26.9401,-49.0678,0.1
2023-10-05 04:00:00+00:00,ATG-BLU-04 Garcia,-26.9401,-49.0678,0.0
2023-10-05 05:00:00+00:00,ATG-BLU-04 Garcia,-26.9401,-49.0678,0.0
2023-10-05 06:00:00+00:00,ATG-BLU-04 Garcia,-26.9401,-49.0678,0.0
2023-10-05 07:00:00+00:00,ATG-BLU-04 Garcia,-26.9401,-49.0678,0.0
2023-10-05 08:00:00+00:00,ATG-BLU-04 Garcia,-26.9401,-49.0678,0.0
2023-10-05 09:00:00+00:00,ATG-BLU-04 Garcia,-26.9401,-49.0678,0.1
2023-10-05 10:00:00+00:00,ATG-BLU-04 Garcia,-26.9401,-49.0678,0.1
2023-10-05 11:00:00+00:00,ATG-BLU-04 Garcia,-26.9401,-49.0678,0.1
2023-10-05 12:00:00+00:00,ATG-BLU-04 Garcia,-26.9401,-49.0678,0.0
2023-10-05 13:00:00+00:00,ATG-BLU-04 Garcia,-26.9401,-49.0678,0.1
2023-10-05 14:00:00+00:00,ATG-BLU-04 Garcia,-26.9401,-49.0678,0.1
2023-10-05 15:00:00+00:00,ATG-BLU-04 Garcia,-26.9401,-49.0678,0.1
2023-10-05 16:00:00+00:00,ATG-BLU-04 Garcia,-26.9401,-49.0678,0.0
2023-10-05 17:00:00+00:00,ATG-BLU-04 Garcia,-26.9401,-49.0678,0.1
2023-10-05 18:00:00+00:00,ATG-BLU-04 Garcia,-26.9401,-49.0678,0.1
2023-10-05 19:00:00+00:00,ATG-BLU-04 Garcia,-26.9401,-49.0678,0.4
2023-10-05 20:00:00+00:00,ATG-BLU-04 Garcia,-26.9401,-49.0678,0.5
2023-10-05 21:00:00+00:00,ATG-BLU-04 Garcia,-26.9401,-49.0678,0.0
2023-10-05 22:00:00+00:00,ATG-BLU-04 Garcia,-26.9401,-49.0678,0.0
2023-10-05 23:00:00+00:00,ATG-BLU-04 Garcia,-26.9401,-49.0678,0.0
2023-10-06 00:00:00+00:00,ATG-BLU-04 Garcia,-26.9401,-49.0678,0.0
2023-10-06 01:00:00+00:00,ATG-BLU-04 Garcia,-26.9401,-49.0678,0.0
2023-10-06 02:00:00+00:00,ATG-BLU-04 Garcia,-26.9401,-49.0678,0.0
2023-10-06 03:00:00+00:00,ATG-BLU-04 Garcia,-26.9401,-49.0678,0.0
2023-10-06 04:00:00+00:00,ATG-BLU-04 Garcia,-26.9401,-49.0678,0.1
2023-10-06 05:00:00+00:00,ATG-BLU-04 Garcia,-26.9401,-49.0678,0.7
2023-10-06 06:00:00+00:00,ATG-BLU-04 Garcia,-26.9401,-49.0678,0.1
2023-10-06 07:00:00+00:00,ATG-BLU-04 Garcia,-26.9401,-49.0678,0.6
2023-10-06 08:00:00+00:00,ATG-BLU-04 Garcia,-26.9401,-49.0678,0.0
2023-10-06 09:00:00+00:00,ATG-BLU-04 Garcia,-26.9401,-49.0678,0.0
2023-10-06 10:00:00+00:00,ATG-BLU-04 Garcia,-26.9401,-49.0678,3.9
2023-10-06 11:00:00+00:00,ATG-BLU-04 Garcia,-26.9401,-49.0678,19.5
2023-10-06 12:00:00+00:00,ATG-BLU-04 Garcia,-26.9401,-49.0678,2.2
2023-10-06 13:00:00+00:00,ATG-BLU-04 Garcia,-26.9401,-49.0678,0.5
2023-10-06 14:00:00+00:00,ATG-BLU-04 Garcia,-26.9401,-49.0678,0.0
2023-10-06 15:00:00+00:00,ATG-BLU-04 Garcia,-26.9401,-49.0678,0.1
2023-10-06 16:00:00+00:00,ATG-BLU-04 Garcia,-26.9401,-49.0678,0.0
2023-10-06 17:00:00+00:00,ATG-BLU-04 Garcia,-26.9401,-49.0678,0.0
2023-10-06 18:00:00+00:00,ATG-BLU-04 Garcia,-26.9401,-49.0678,0.0
2023-10-06 19:00:00+00:00,ATG-BLU-04 Garcia,-26.9401,-49.0678,0.1
2023-10-06 20:00:00+00:00,ATG-BLU-04 Garcia,-26.9401,-49.0678,0.0
2023-10-06 21:00:00+00:00,ATG-BLU-04 Garcia,-26.9401,-49.0678,0.0
2023-10-06 22:00:00+00:00,ATG-BLU-04 Garcia,-26.9401,-49.0678,0.0
2023-10-06 23:00:00+00:00,ATG-BLU-04 Garcia,-26.9401,-49.0678,0.0
2023-10-07 00:00:00+00:00,ATG-BLU-04 Garcia,-26.9401,-49.0678,0.1
2023-10-07 01:00:00+00:00,ATG-BLU-04 Garcia,-26.9401,-49.0678,0.1
2023-10-07 02:00:00+00:00,ATG-BLU-04 Garcia,-26.9401,-49.0678,0.7
2023-10-07 03:00:00+00:00,ATG-BLU-04 Garcia,-26.9401,-49.0678,0.3
2023-10-07 04:00:00+00:00,ATG-BLU-04 Garcia,-26.9401,-49.0678,1.5
2023-10-07 05:00:00+00:00,ATG-BLU-04 Garcia,-26.9401,-49.0678,0.2
2023-10-07 06:00:00+00:00,ATG-BLU-04 Garcia,-26.9401,-49.0678,0.3
2023-10-07 07:00:00+00:00,ATG-BLU-04 Garcia,-26.9401,-49.0678,0.1
2023-10-07 08:00:00+00:00,ATG-BLU-04 Garcia,-26.9401,-49.0678,0.0
2023-10-07 09:00:00+00:00,ATG-BLU-04 Garcia,-26.9401,-49.0678,0.0
2023-10-07 10:00:00+00:00,ATG-BLU-04 Garcia,-26.9401,-49.0678,0.0
2023-10-07 11:00:00+00:00,ATG-BLU-04 Garcia,-26.9401,-49.0678,0.1
2023-10-07 12:00:00+00:00,ATG-BLU-04 Garcia,-26.9401,-49.0678,0.3
2023-10-07 13:00:00+00:00,ATG-BLU-04 Garcia,-26.9401,-49.0678,3.5
2023-10-07 14:00:00+00:00,ATG-BLU-04 Garcia,-26.9401,-49.0678,3.7
2023-10-07 15:00:00+00:00,ATG-BLU-04 Garcia,-26.9401,-49.0678,2.3
2023-10-07 16:00:00+00:00,ATG-BLU-04 Garcia,-26.9401,-49.0678,1.2
2023-10-07 17:00:00+00:00,ATG-BLU-04 Garcia,-26.9401,-49.0678,1.0
2023-10-07 18:00:00+00:00,ATG-BLU-04 Garcia,-26.9401,-49.0678,0.5
2023-10-07 19:00:00+00:00,ATG-BLU-04 Garcia,-26.9401,-49.0678,0.2
2023-10-07 20:00:00+00:00,ATG-BLU-04 Garcia,-26.9401,-49.0678,0.0
2023-10-07 21:00:00+00:00,ATG-BLU-04 Garcia,-26.9401,-49.0678,0.0
2023-10-07 22:00:00+00:00,ATG-BLU-04 Garcia,-26.9401,-49.0678,0.0
2023-10-07 23:00:00+00:00,ATG-BLU-04 Garcia,-26.9401,-49.0678,1.2
2023-10-08 00:00:00+00:00,ATG-BLU-04 Garcia,-26.9401,-49.0678,1.8
2023-10-08 01:00:00+00:00,ATG-BLU-04 Garcia,-26.9401,-49.0678,0.2
2023-10-08 02:00:00+00:00,ATG-BLU-04 Garcia,-26.9401,-49.0678,0.1
2023-10-08 03:00:00+00:00,ATG-BLU-04 Garcia,-26.9401,-49.0678,0.1
2023-10-08 04:00:00+00:00,ATG-BLU-04 Garcia,-26.9401,-49.0678,0.1
2023-10-08 05:00:00+00:00,ATG-BLU-04 Garcia,-26.9401,-49.0678,0.0
2023-10-08 06:00:00+00:00,ATG-BLU-04 Garcia,-26.9401,-49.0678,0.1
2023-10-08 07:00:00+00:00,ATG-BLU-04 Garcia,-26.9401,-49.0678,0.0
2023-10-08 08:00:00+00:00,ATG-BLU-04 Garcia,-26.9401,-49.0678,0.0
2023-10-08 09:00:00+00:00,ATG-BLU-04 Garcia,-26.9401,-49.0678,0.2
2023-10-08 10:00:00+00:00,ATG-BLU-04 Garcia,-26.9401,-49.0678,0.4
2023-10-08 11:00:00+00:00,ATG-BLU-04 Garcia,-26.9401,-49.0678,0.8
2023-10-08 12:00:00+00:00,ATG-BLU-04 Garcia,-26.9401,-49.0678,3.0
2023-10-08 13:00:00+00:00,ATG-BLU-04 Garcia,-26.9401,-49.0678,0.2
2023-10-08 14:00:00+00:00,ATG-BLU-04 Garcia,-26.9401,-49.0678,1.4
2023-10-08 15:00:00+00:00,ATG-BLU-04 Garcia,-26.9401,-49.0678,3.0
2023-10-08 16:00:00+00:00,ATG-BLU-04 Garcia,-26.9401,-49.0678,4.2
2023-10-08 17:00:00+00:00,ATG-BLU-04 Garcia,-26.9401,-49.0678,4.5
2023-10-08 18:00:00+00:00,ATG-BLU-04 Garcia,-26.9401,-49.0678,5.1
2023-10-08 19:00:00+00:00,ATG-BLU-04 Garcia,-26.9401,-49.0678,5.9
2023-10-08 20:00:00+00:00,ATG-BLU-04 Garcia,-26.9401,-49.0678,7.4
2023-10-08 21:00:00+00:00,ATG-BLU-04 Garcia,-26.9401,-49.0678,8.5
2023-10-08 22:00:00+00:00,ATG-BLU-04 Garcia,-26.9401,-49.0678,2.1
2023-10-08 23:00:00+00:00,ATG-BLU-04 Garcia,-26.9401,-49.0678,1.3
2023-10-09 00:00:00+00:00,ATG-BLU-04 Garcia,-26.9401,-49.0678,0.4
2023-10-09 01:00:00+00:00,ATG-BLU-04 Garcia,-26.9401,-49.0678,1.1
2023-10-09 02:00:00+00:00,ATG-BLU-04 Garcia,-26.9401,-49.0678,0.4
2023-10-09 03:00:00+00:00,ATG-BLU-04 Garcia,-26.9401,-49.0678,0.1
2023-10-09 04:00:00+00:00,ATG-BLU-04 Garcia,-26.9401,-49.0678,0.0
2023-10-09 05:00:00+00:00,ATG-BLU-04 Garcia,-26.9401,-49.0678,0.0
2023-10-09 06:00:00+00:00,ATG-BLU-04 Garcia,-26.9401,-49.0678,0.0
2023-10-09 07:00:00+00:00,ATG-BLU-04 Garcia,-26.9401,-49.0678,0.0
2023-10-09 08:00:00+00:00,ATG-BLU-04 Garcia,-26.9401,-49.0678,0.0
2023-10-09 09:00:00+00:00,ATG-BLU-04 Garcia,-26.9401,-49.0678,0.0
2023-10-09 10:00:00+00:00,ATG-BLU-04 Garcia,-26.9401,-49.0678,0.0
2023-10-09 11:00:00+00:00,ATG-BLU-04 Garcia,-26.9401,-49.0678,0.0
2023-10-09 12:00:00+00:00,ATG-BLU-04 Garcia,-26.9401,-49.0678,0.0
2023-10-09 13:00:00+00:00,ATG-BLU-04 Garcia,-26.9401,-49.0678,0.1
2023-10-09 14:00:00+00:00,ATG-BLU-04 Garcia,-26.9401,-49.0678,0.1
2023-10-09 15:00:00+00:00,ATG-BLU-04 Garcia,-26.9401,-49.0678,0.0
2023-10-09 16:00:00+00:00,ATG-BLU-04 Garcia,-26.9401,-49.0678,0.0
2023-10-09 17:00:00+00:00,ATG-BLU-04 Garcia,-26.9401,-49.0678,0.0
2023-10-09 18:00:00+00:00,ATG-BLU-04 Garcia,-26.9401,-49.0678,0.2
2023-10-09 19:00:00+00:00,ATG-BLU-04 Garcia,-26.9401,-49.0678,0.2
2023-10-09 20:00:00+00:00,ATG-BLU-04 Garcia,-26.9401,-49.0678,0.2
2023-10-09 21:00:00+00:00,ATG-BLU-04 Garcia,-26.9401,-49.0678,0.2
2023-10-09 22:00:00+00:00,ATG-BLU-04 Garcia,-26.9401,-49.0678,0.1
2023-10-09 23:00:00+00:00,ATG-BLU-04 Garcia,-26.9401,-49.0678,0.0
2023-10-10 00:00:00+00:00,ATG-BLU-04 Garcia,-26.9401,-49.0678,0.0
2023-10-10 01:00:00+00:00,ATG-BLU-04 Garcia,-26.9401,-49.0678,0.0
2023-10-10 02:00:00+00:00,ATG-BLU-04 Garcia,-26.9401,-49.0678,0.0
2023-10-10 03:00:00+00:00,ATG-BLU-04 Garcia,-26.9401,-49.0678,0.0
2023-10-10 04:00:00+00:00,ATG-BLU-04 Garcia,-26.9401,-49.0678,0.0
2023-10-10 05:00:00+00:00,ATG-BLU-04 Garcia,-26.9401,-49.0678,0.0
2023-10-10 06:00:00+00:00,ATG-BLU-04 Garcia,-26.9401,-49.0678,0.0
2023-10-10 07:00:00+00:00,ATG-BLU-04 Garcia,-26.9401,-49.0678,0.0
2023-10-10 08:00:00+00:00,ATG-BLU-04 Garcia,-26.9401,-49.0678,0.0
2023-10-10 09:00:00+00:00,ATG-BLU-04 Garcia,-26.9401,-49.0678,0.0
2023-10-10 10:00:00+00:00,ATG-BLU-04 Garcia,-26.9401,-49.0678,0.0
2023-10-10 11:00:00+00:00,ATG-BLU-04 Garcia,-26.9401,-49.0678,0.0
2023-10-10 12:00:00+00:00,ATG-BLU-04 Garcia,-26.9401,-49.0678,0.1
2023-10-10 13:00:00+00:00,ATG-BLU-04 Garcia,-26.9401,-49.0678,0.2
2023-10-10 14:00:00+00:00,ATG-BLU-04 Garcia,-26.9401,-49.0678,0.1
2023-10-10 15:00:00+00:00,ATG-BLU-04 Garcia,-26.9401,-49.0678,0.1
2023-10-10 16:00:00+00:00,ATG-BLU-04 Garcia,-26.9401,-49.0678,0.0
2023-10-10 17:00:00+00:00,ATG-BLU-04 Garcia,-26.9401,-49.0678,0.1
2023-10-10 18:00:00+00:00,ATG-BLU-04 Garcia,-26.9401,-49.0678,0.0
2023-10-10 19:00:00+00:00,ATG-BLU-04 Garcia,-26.9401,-49.0678,0.0
2023-10-10 20:00:00+00:00,ATG-BLU-04 Garcia,-26.9401,-49.0678,0.0
2023-10-10 21:00:00+00:00,ATG-BLU-04 Garcia,-26.9401,-49.0678,0.0
2023-10-10 22:00:00+00:00,ATG-BLU-04 Garcia,-26.9401,-49.0678,0.0
2023-10-10 23:00:00+00:00,ATG-BLU-04 Garcia,-26.9401,-49.0678,0.0
2023-10-11 00:00:00+00:00,ATG-BLU-04 Garcia,-26.9401,-49.0678,0.0
2023-10-11 01:00:00+00:00,ATG-BLU-04 Garcia,-26.9401,-49.0678,0.2
2023-10-11 02:00:00+00:00,ATG-BLU-04 Garcia,-26.9401,-49.0678,0.2
2023-10-11 03:00:00+00:00,ATG-BLU-04 Garcia,-26.9401,-49.0678,0.1
2023-10-11 04:00:00+00:00,ATG-BLU-04 Garcia,-26.9401,-49.0678,0.1
2023-10-11 05:00:00+00:00,ATG-BLU-04 Garcia,-26.9401,-49.0678,0.1
2023-10-11 06:00:00+00:00,ATG-BLU-04 Garcia,-26.9401,-49.0678,0.0
2023-10-11 07:00:00+00:00,ATG-BLU-04 Garcia,-26.9401,-49.0678,0.0
2023-10-11 08:00:00+00:00,ATG-BLU-04 Garcia,-26.9401,-49.0678,0.0
2023-10-11 09:00:00+00:00,ATG-BLU-04 Garcia,-26.9401,-49.0678,0.0
2023-10-11 10:00:00+00:00,ATG-BLU-04 Garcia,-26.9401,-49.0678,0.0
2023-10-11 11:00:00+00:00,ATG-BLU-04 Garcia,-26.9401,-49.0678,0.0
2023-10-11 12:00:00+00:00,ATG-BLU-04 Garcia,-26.9401,-49.0678,0.0
2023-10-11 13:00:00+00:00,ATG-BLU-04 Garcia,-26.9401,-49.0678,0.0
2023-10-11 14:00:00+00:00,ATG-BLU-04 Garcia,-26.9401,-49.0678,0.0
2023-10-11 15:00:00+00:00,ATG-BLU-04 Garcia,-26.9401,-49.0678,0.0
2023-10-11 16:00:00+00:00,ATG-BLU-04 Garcia,-26.9401,-49.0678,0.0
2023-10-11 17:00:00+00:00,ATG-BLU-04 Garcia,-26.9401,-49.0678,0.0
2023-10-11 18:00:00+00:00,ATG-BLU-04 Garcia,-26.9401,-49.0678,0.0
2023-10-11 19:00:00+00:00,ATG-BLU-04 Garcia,-26.9401,-49.0678,0.0
2023-10-11 20:00:00+00:00,ATG-BLU-04 Garcia,-26.9401,-49.0678,0.0
2023-10-11 21:00:00+00:00,ATG-BLU-04 Garcia,-26.9401,-49.0678,0.6
2023-10-11 22:00:00+00:00,ATG-BLU-04 Garcia,-26.9401,-49.0678,0.3
2023-10-11 23:00:00+00:00,ATG-BLU-04 Garcia,-26.9401,-49.0678,0.0
2023-10-12 00:00:00+00:00,ATG-BLU-04 Garcia,-26.9401,-49.0678,0.5
2023-10-12 01:00:00+00:00,ATG-BLU-04 Garcia,-26.9401,-49.0678,0.7
2023-10-12 02:00:00+00:00,ATG-BLU-04 Garcia,-26.9401,-49.0678,0.3
2023-10-12 03:00:00+00:00,ATG-BLU-04 Garcia,-26.9401,-49.0678,0.5
2023-10-12 04:00:00+00:00,ATG-BLU-04 Garcia,-26.9401,-49.0678,0.5
2023-10-12 05:00:00+00:00,ATG-BLU-04 Garcia,-26.9401,-49.0678,0.5
2023-10-12 06:00:00+00:00,ATG-BLU-04 Garcia,-26.9401,-49.0678,5.6
2023-10-12 07:00:00+00:00,ATG-BLU-04 Garcia,-26.9401,-49.0678,2.2
2023-10-12 08:00:00+00:00,ATG-BLU-04 Garcia,-26.9401,-49.0678,7.1
2023-10-12 09:00:00+00:00,ATG-BLU-04 Garcia,-26.9401,-49.0678,0.4
2023-10-12 10:00:00+00:00,ATG-BLU-04 Garcia,-26.9401,-49.0678,2.0
2023-10-12 11:00:00+00:00,ATG-BLU-04 Garcia,-26.9401,-49.0678,1.9
2023-10-12 12:00:00+00:00,ATG-BLU-04 Garcia,-26.9401,-49.0678,1.6
2023-10-12 13:00:00+00:00,ATG-BLU-04 Garcia,-26.9401,-49.0678,9.3
2023-10-12 14:00:00+00:00,ATG-BLU-04 Garcia,-26.9401,-49.0678,9.4
2023-10-12 15:00:00+00:00,ATG-BLU-04 Garcia,-26.9401,-49.0678,5.4
2023-10-12 16:00:00+00:00,ATG-BLU-04 Garcia,-26.9401,-49.0678,2.7
2023-10-12 17:00:00+00:00,ATG-BLU-04 Garcia,-26.9401,-49.0678,1.3
2023-10-12 18:00:00+00:00,ATG-BLU-04 Garcia,-26.9401,-49.0678,0.8
2023-10-12 19:00:00+00:00,ATG-BLU-04 Garcia,-26.9401,-49.0678,0.2
2023-10-12 20:00:00+00:00,ATG-BLU-04 Garcia,-26.9401,-49.0678,0.0
2023-10-12 21:00:00+00:00,ATG-BLU-04 Garcia,-26.9401,-49.0678,0.1
2023-10-12 22:00:00+00:00,ATG-BLU-04 Garcia,-26.9401,-49.0678,0.1
2023-10-12 23:00:00+00:00,ATG-BLU-04 Garcia,-26.9401,-49.0678,0.1
2023-10-13 00:00:00+00:00,ATG-BLU-04 Garcia,-26.9401,-49.0678,0.0
2023-10-13 01:00:00+00:00,ATG-BLU-04 Garcia,-26.9401,-49.0678,0.0
2023-10-13 02:00:00+00:00,ATG-BLU-04 Garcia,-26.9401,-49.0678,0.0
2023-10-13 03:00:00+00:00,ATG-BLU-04 Garcia,-26.9401,-49.0678,0.0
2023-10-13 04:00:00+00:00,ATG-BLU-04 Garcia,-26.9401,-49.0678,0.0
2023-10-13 05:00:00+00:00,ATG-BLU-04 Garcia,-26.9401,-49.0678,0.1
2023-10-13 06:00:00+00:00,ATG-BLU-04 Garcia,-26.9401,-49.0678,0.0
2023-10-13 07:00:00+00:00,ATG-BLU-04 Garcia,-26.9401,-49.0678,0.0
2023-10-13 08:00:00+00:00,ATG-BLU-04 Garcia,-26.9401,-49.0678,0.0
2023-10-13 09:00:00+00:00,ATG-BLU-04 Garcia,-26.9401,-49.0678,0.0
2023-10-13 10:00:00+00:00,ATG-BLU-04 Garcia,-26.9401,-49.0678,0.0
2023-10-13 11:00:00+00:00,ATG-BLU-04 Garcia,-26.9401,-49.0678,0.0
2023-10-13 12:00:00+00:00,ATG-BLU-04 Garcia,-26.9401,-49.0678,0.0
2023-10-13 13:00:00+00:00,ATG-BLU-04 Garcia,-26.9401,-49.0678,0.0
2023-10-13 14:00:00+00:00,ATG-BLU-04 Garcia,-26.9401,-49.0678,0.1
2023-10-13 15:00:00+00:00,ATG-BLU-04 Garcia,-26.9401,-49.0678,0.0
2023-10-13 16:00:00+00:00,ATG-BLU-04 Garcia,-26.9401,-49.0678,0.1
2023-10-13 17:00:00+00:00,ATG-BLU-04 Garcia,-26.9401,-49.0678,0.1
2023-10-13 18:00:00+00:00,ATG-BLU-04 Garcia,-26.9401,-49.0678,0.0
2023-10-13 19:00:00+00:00,ATG-BLU-04 Garcia,-26.9401,-49.0678,0.0
2023-10-13 20:00:00+00:00,ATG-BLU-04 Garcia,-26.9401,-49.0678,0.0
2023-10-13 21:00:00+00:00,ATG-BLU-04 Garcia,-26.9401,-49.0678,0.0
2023-10-13 22:00:00+00:00,ATG-BLU-04 Garcia,-26.9401,-49.0678,0.0
2023-10-13 23:00:00+00:00,ATG-BLU-04 Garcia,-26.9401,-49.0678,0.0
2023-10-14 00:00:00+00:00,ATG-BLU-04 Garcia,-26.9401,-49.0678,0.0
2023-10-14 01:00:00+00:00,ATG-BLU-04 Garcia,-26.9401,-49.0678,0.0
2023-10-14 02:00:00+00:00,ATG-BLU-04 Garcia,-26.9401,-49.0678,0.0
2023-10-14 03:00:00+00:00,ATG-BLU-04 Garcia,-26.9401,-49.0678,0.0
2023-10-14 04:00:00+00:00,ATG-BLU-04 Garcia,-26.9401,-49.0678,0.0
2023-10-14 05:00:00+00:00,ATG-BLU-04 Garcia,-26.9401,-49.0678,0.0
2023-10-14 06:00:00+00:00,ATG-BLU-04 Garcia,-26.9401,-49.0678,0.0
2023-10-14 07:00:00+00:00,ATG-BLU-04 Garcia,-26.9401,-49.0678,0.0
2023-10-14 08:00:00+00:00,ATG-BLU-04 Garcia,-26.9401,-49.0678,0.0
2023-10-14 09:00:00+00:00,ATG-BLU-04 Garcia,-26.9401,-49.0678,0.0
2023-10-14 10:00:00+00:00,ATG-BLU-04 Garcia,-26.9401,-49.0678,0.0
2023-10-14 11:00:00+00:00,ATG-BLU-04 Garcia,-26.9401,-49.0678,0.0
2023-10-14 12:00:00+00:00,ATG-BLU-04 Garcia,-26.9401,-49.0678,0.0
2023-10-14 13:00:00+00:00,ATG-BLU-04 Garcia,-26.9401,-49.0678,0.0
2023-10-14 14:00:00+00:00,ATG-BLU-04 Garcia,-26.9401,-49.0678,0.0
2023-10-14 15:00:00+00:00,ATG-BLU-04 Garcia,-26.9401,-49.0678,0.1
2023-10-14 16:00:00+00:00,ATG-BLU-04 Garcia,-26.9401,-49.0678,0.0
2023-10-14 17:00:00+00:00,ATG-BLU-04 Garcia,-26.9401,-49.0678,0.0
2023-10-14 18:00:00+00:00,ATG-BLU-04 Garcia,-26.9401,-49.0678,0.0
2023-10-14 19:00:00+00:00,ATG-BLU-04 Garcia,-26.9401,-49.0678,0.0
2023-10-14 20:00:00+00:00,ATG-BLU-04 Garcia,-26.9401,-49.0678,0.0
2023-10-14 21:00:00+00:00,ATG-BLU-04 Garcia,-26.9401,-49.0678,0.0
2023-10-14 22:00:00+00:00,ATG-BLU-04 Garcia,-26.9401,-49.0678,0.0
2023-10-14 23:00:00+00:00,ATG-BLU-04 Garcia,-26.9401,-49.0678,0.1
2023-10-04 00:00:00+00:00,ATG-BLU-05 Velha,-26.9219,-49.1043,0.0
2023-10-04 01:00:00+00:00,ATG-BLU-05 Velha,-26.9219,-49.1043,0.0
2023-10-04 02:00:00+00:00,ATG-BLU-05 Velha,-26.9219,-49.1043,0.0
2023-10-04 03:00:00+00:00,ATG-BLU-05 Velha,-26.9219,-49.1043,0.0
2023-10-04 04:00:00+00:00,ATG-BLU-05 Velha,-26.9219,-49.1043,0.0
2023-10-04 05:00:00+00:00,ATG-BLU-05 Velha,-26.9219,-49.1043,0.0
2023-10-04 06:00:00+00:00,ATG-BLU-05 Velha,-26.9219,-49.1043,0.0
2023-10-04 07:00:00+00:00,ATG-BLU-05 Velha,-26.9219,-49.1043,0.0
2023-10-04 08:00:00+00:00,ATG-BLU-05 Velha,-26.9219,-49.1043,0.0
2023-10-04 09:00:00+00:00,ATG-BLU-05 Velha,-26.9219,-49.1043,0.1
2023-10-04 10:00:00+00:00,ATG-BLU-05 Velha,-26.9219,-49.1043,11.8
2023-10-04 11:00:00+00:00,ATG-BLU-05 Velha,-26.9219,-49.1043,9.0
2023-10-04 12:00:00+00:00,ATG-BLU-05 Velha,-26.9219,-49.1043,9.8
2023-10-04 13:00:00+00:00,ATG-BLU-05 Velha,-26.9219,-49.1043,1.5
2023-10-04 14:00:00+00:00,ATG-BLU-05 Velha,-26.9219,-49.1043,2.1
2023-10-04 15:00:00+00:00,ATG-BLU-05 Velha,-26.9219,-49.1043,3.5
2023-10-04 16:00:00+00:00,ATG-BLU-05 Velha,-26.9219,-49.1043,3.1
2023-10-04 17:00:00+00:00,ATG-BLU-05 Velha,-26.9219,-49.1043,1.4
2023-10-04 18:00:00+00:00,ATG-BLU-05 Velha,-26.9219,-49.1043,0.5
2023-10-04 19:00:00+00:00,ATG-BLU-05 Velha,-26.9219,-49.1043,4.8
2023-10-04 20:00:00+00:00,ATG-BLU-05 Velha,-26.9219,-49.1043,1.1
2023-10-04 21:00:00+00:00,ATG-BLU-05 Velha,-26.9219,-49.1043,1.0
2023-10-04 22:00:00+00:00,ATG-BLU-05 Velha,-26.9219,-49.1043,0.3
2023-10-04 23:00:00+00:00,ATG-BLU-05 Velha,-26.9219,-49.1043,0.1
2023-10-05 00:00:00+00:00,ATG-BLU-05 Velha,-26.9219,-49.1043,0.4
2023-10-05 01:00:00+00:00,ATG-BLU-05 Velha,-26.9219,-49.1043,0.0
2023-10-05 02:00:00+00:00,ATG-BLU-05 Velha,-26.9219,-49.1043,0.8
2023-10-05 03:00:00+00:00,ATG-BLU-05 Velha,-26.9219,-49.1043,0.0
2023-10-05 04:00:00+00:00,ATG-BLU-05 Velha,-26.9219,-49.1043,0.0
2023-10-05 05:00:00+00:00,ATG-BLU-05 Velha,-26.9219,-49.1043,0.0
2023-10-05 06:00:00+00:00,ATG-BLU-05 Velha,-26.9219,-49.1043,0.0
2023-10-05 07:00:00+00:00,ATG-BLU-05 Velha,-26.9219,-49.1043,0.0
2023-10-05 08:00:00+00:00,ATG-BLU-05 Velha,-26.9219,-49.1043,0.0
2023-10-05 09:00:00+00:00,ATG-BLU-05 Velha,-26.9219,-49.1043,0.1
2023-10-05 10:00:00+00:00,ATG-BLU-05 Velha,-26.9219,-49.1043,0.1
2023-10-05 11:00:00+00:00,ATG-BLU-05 Velha,-26.9219,-49.1043,0.1
2023-10-05 12:00:00+00:00,ATG-BLU-05 Velha,-26.9219,-49.1043,0.0
2023-10-05 13:00:00+00:00,ATG-BLU-05 Velha,-26.9219,-49.1043,0.1
2023-10-05 14:00:00+00:00,ATG-BLU-05 Velha,-26.9219,-49.1043,0.0
2023-10-05 15:00:00+00:00,ATG-BLU-05 Velha,-26.9219,-49.1043,0.1
2023-10-05 16:00:00+00:00,ATG-BLU-05 Velha,-26.9219,-49.1043,0.1
2023-10-05 17:00:00+00:00,ATG-BLU-05 Velha,-26.9219,-49.1043,0.2
2023-10-05 18:00:00+00:00,ATG-BLU-05 Velha,-26.9219,-49.1043,0.2
2023-10-05 19:00:00+00:00,ATG-BLU-05 Velha,-26.9219,-49.1043,0.2
2023-10-05 20:00:00+00:00,ATG-BLU-05 Velha,-26.9219,-49.1043,0.3
2023-10-05 21:00:00+00:00,ATG-BLU-05 Velha,-26.9219,-49.1043,0.0
2023-10-05 22:00:00+00:00,ATG-BLU-05 Velha,-26.9219,-49.1043,0.0
2023-10-05 23:00:00+00:00,ATG-BLU-05 Velha,-26.9219,-49.1043,0.0
2023-10-06 00:00:00+00:00,ATG-BLU-05 Velha,-26.9219,-49.1043,0.0
2023-10-06 01:00:00+00:00,ATG-BLU-05 Velha,-26.9219,-49.1043,0.0
2023-10-06 02:00:00+00:00,ATG-BLU-05 Velha,-26.9219,-49.1043,0.0
2023-10-06 03:00:00+00:00,ATG-BLU-05 Velha,-26.9219,-49.1043,0.0
2023-10-06 04:00:00+00:00,ATG-BLU-05 Velha,-26.9219,-49.1043,0.1
2023-10-06 05:00:00+00:00,ATG-BLU-05 Velha,-26.9219,-49.1043,0.1
2023-10-06 06:00:00+00:00,ATG-BLU-05 Velha,-26.9219,-49.1043,0.1
2023-10-06 07:00:00+00:00,ATG-BLU-05 Velha,-26.9219,-49.1043,0.6
2023-10-06 08:00:00+00:00,ATG-BLU-05 Velha,-26.9219,-49.1043,0.0
2023-10-06 09:00:00+00:00,ATG-BLU-05 Velha,-26.9219,-49.1043,1.4
2023-10-06 10:00:00+00:00,ATG-BLU-05 Velha,-26.9219,-49.1043,9.3
2023-10-06 11:00:00+00:00,ATG-BLU-05 Velha,-26.9219,-49.1043,5.3
2023-10-06 12:00:00+00:00,ATG-BLU-05 Velha,-26.9219,-49.1043,0.1
2023-10-06 13:00:00+00:00,ATG-BLU-05 Velha,-26.9219,-49.1043,1.0
2023-10-06 14:00:00+00:00,ATG-BLU-05 Velha,-26.9219,-49.1043,0.1
2023-10-06 15:00:00+00:00,ATG-BLU-05 Velha,-26.9219,-49.1043,0.2
2023-10-06 16:00:00+00:00,ATG-BLU-05 Velha,-26.9219,-49.1043,0.0
2023-10-06 17:00:00+00:00,ATG-BLU-05 Velha,-26.9219,-49.1043,0.0
2023-10-06 18:00:00+00:00,ATG-BLU-05 Velha,-26.9219,-49.1043,0.1
2023-10-06 19:00:00+00:00,ATG-BLU-05 Velha,-26.9219,-49.1043,0.2
2023-10-06 20:00:00+00:00,ATG-BLU-05 Velha,-26.9219,-49.1043,0.0
2023-10-06 21:00:00+00:00,ATG-BLU-05 Velha,-26.9219,-49.1043,0.0
2023-10-06 22:00:00+00:00,ATG-BLU-05 Velha,-26.9219,-49.1043,0.0
2023-10-06 23:00:00+00:00,ATG-BLU-05 Velha,-26.9219,-49.1043,0.0
2023-10-07 00:00:00+00:00,ATG-BLU-05 Velha,-26.9219,-49.1043,0.0
2023-10-07 01:00:00+00:00,ATG-BLU-05 Velha,-26.9219,-49.1043,0.0
2023-10-07 02:00:00+00:00,ATG-BLU-05 Velha,-26.9219,-49.1043,0.6
2023-10-07 03:00:00+00:00,ATG-BLU-05 Velha,-26.9219,-49.1043,0.3
2023-10-07 04:00:00+00:00,ATG-BLU-05 Velha,-26.9219,-49.1043,0.9
2023-10-07 05:00:00+00:00,ATG-BLU-05 Velha,-26.9219,-49.1043,0.2
2023-10-07 06:00:00+00:00,ATG-BLU-05 Velha,-26.9219,-49.1043,0.1
2023-10-07 07:00:00+00:00,ATG-BLU-05 Velha,-26.9219,-49.1043,0.1
2023-10-07 08:00:00+00:00,ATG-BLU-05 Velha,-26.9219,-49.1043,0.0
2023-10-07 09:00:00+00:00,ATG-BLU-05 Velha,-26.9219,-49.1043,0.0
2023-10-07 10:00:00+00:00,ATG-BLU-05 Velha,-26.9219,-49.1043,0.0
2023-10-07 11:00:00+00:00,ATG-BLU-05 Velha,-26.9219,-49.1043,0.0
2023-10-07 12:00:00+00:00,ATG-BLU-05 Velha,-26.9219,-49.1043,0.2
2023-10-07 13:00:00+00:00,ATG-BLU-05 Velha,-26.9219,-49.1043,2.7
2023-10-07 14:00:00+00:00,ATG-BLU-05 Velha,-26.9219,-49.1043,3.8
2023-10-07 15:00:00+00:00,ATG-BLU-05 Velha,-26.9219,-49.1043,1.2
2023-10-07 16:00:00+00:00,ATG-BLU-05 Velha,-26.9219,-49.1043,2.8
2023-10-07 17:00:00+00:00,ATG-BLU-05 Velha,-26.9219,-49.1043,0.8
2023-10-07 18:00:00+00:00,ATG-BLU-05 Velha,-26.9219,-49.1043,0.3
2023-10-07 19:00:00+00:00,ATG-BLU-05 Velha,-26.9219,-49.1043,0.2
2023-10-07 20:00:00+00:00,ATG-BLU-05 Velha,-26.9219,-49.1043,0.0
2023-10-07 21:00:00+00:00,ATG-BLU-05 Velha,-26.9219,-49.1043,0.0
2023-10-07 22:00:00+00:00,ATG-BLU-05 Velha,-26.9219,-49.1043,0.0
2023-10-07 23:00:00+00:00,ATG-BLU-05 Velha,-26.9219,-49.1043,1.3
2023-10-08 00:00:00+00:00,ATG-BLU-05 Velha,-26.9219,-49.1043,0.3
2023-10-08 01:00:00+00:00,ATG-BLU-05 Velha,-26.9219,-49.1043,0.0
2023-10-08 02:00:00+00:00,ATG-BLU-05 Velha,-26.9219,-49.1043,0.0
2023-10-08 03:00:00+00:00,ATG-BLU-05 Velha,-26.9219,-49.1043,0.0
2023-10-08 04:00:00+00:00,ATG-BLU-05 Velha,-26.9219,-49.1043,0.2
2023-10-08 05:00:00+00:00,ATG-BLU-05 Velha,-26.9219,-49.1043,0.2
2023-10-08 06:00:00+00:00,ATG-BLU-05 Velha,-26.9219,-49.1043,0.1
2023-10-08 07:00:00+00:00,ATG-BLU-05 Velha,-26.9219,-49.1043,0.0
2023-10-08 08:00:00+00:00,ATG-BLU-05 Velha,-26.9219,-49.1043,0.0
2023-10-08 09:00:00+00:00,ATG-BLU-05 Velha,-26.9219,-49.1043,0.2
2023-10-08 10:00:00+00:00,ATG-BLU-05 Velha,-26.9219,-49.1043,2.3
2023-10-08 11:00:00+00:00,ATG-BLU-05 Velha,-26.9219,-49.1043,0.9
2023-10-08 12:00:00+00:00,ATG-BLU-05 Velha,-26.9219,-49.1043,2.9
2023-10-08 13:00:00+00:00,ATG-BLU-05 Velha,-26.9219,-49.1043,0.3
2023-10-08 14:00:00+00:00,ATG-BLU-05 Velha,-26.9219,-49.1043,1.3
2023-10-08 15:00:00+00:00,ATG-BLU-05 Velha,-26.9219,-49.1043,2.9
2023-10-08 16:00:00+00:00,ATG-BLU-05 Velha,-26.9219,-49.1043,3.7
2023-10-08 17:00:00+00:00,ATG-BLU-05 Velha,-26.9219,-49.1043,4.8
2023-10-08 18:00:00+00:00,ATG-BLU-05 Velha,-26.9219,-49.1043,5.8
2023-10-08 19:00:00+00:00,ATG-BLU-05 Velha,-26.9219,-49.1043,6.6
2023-10-08 20:00:00+00:00,ATG-BLU-05 Velha,-26.9219,-49.1043,8.1
2023-10-08 21:00:00+00:00,ATG-BLU-05 Velha,-26.9219,-49.1043,7.8
2023-10-08 22:00:00+00:00,ATG-BLU-05 Velha,-26.9219,-49.1043,1.9
2023-10-08 23:00:00+00:00,ATG-BLU-05 Velha,-26.9219,-49.1043,1.2
2023-10-09 00:00:00+00:00,ATG-BLU-05 Velha,-26.9219,-49.1043,0.4
2023-10-09 01:00:00+00:00,ATG-BLU-05 Velha,-26.9219,-49.1043,1.0
2023-10-09 02:00:00+00:00,ATG-BLU-05 Velha,-26.9219,-49.1043,0.3
2023-10-09 03:00:00+00:00,ATG-BLU-05 Velha,-26.9219,-49.1043,0.1
2023-10-09 04:00:00+00:00,ATG-BLU-05 Velha,-26.9219,-49.1043,0.0
2023-10-09 05:00:00+00:00,ATG-BLU-05 Velha,-26.9219,-49.1043,0.0
2023-10-09 06:00:00+00:00,ATG-BLU-05 Velha,-26.9219,-49.1043,0.0
2023-10-09 07:00:00+00:00,ATG-BLU-05 Velha,-26.9219,-49.1043,0.0
2023-10-09 08:00:00+00:00,ATG-BLU-05 Velha,-26.9219,-49.1043,0.0
2023-10-09 09:00:00+00:00,ATG-BLU-05 Velha,-26.9219,-49.1043,0.0
2023-10-09 10:00:00+00:00,ATG-BLU-05 Velha,-26.9219,-49.1043,0.0
2023-10-09 11:00:00+00:00,ATG-BLU-05 Velha,-26.9219,-49.1043,0.0
2023-10-09 12:00:00+00:00,ATG-BLU-05 Velha,-26.9219,-49.1043,0.0
2023-10-09 13:00:00+00:00,ATG-BLU-05 Velha,-26.9219,-49.1043,0.4
2023-10-09 14:00:00+00:00,ATG-BLU-05 Velha,-26.9219,-49.1043,0.3
2023-10-09 15:00:00+00:00,ATG-BLU-05 Velha,-26.9219,-49.1043,0.2
2023-10-09 16:00:00+00:00,ATG-BLU-05 Velha,-26.9219,-49.1043,0.0
2023-10-09 17:00:00+00:00,ATG-BLU-05 Velha,-26.9219,-49.1043,0.1
2023-10-09 18:00:00+00:00,ATG-BLU-05 Velha,-26.9219,-49.1043,0.3
2023-10-09 19:00:00+00:00,ATG-BLU-05 Velha,-26.9219,-49.1043,0.5
2023-10-09 20:00:00+00:00,ATG-BLU-05 Velha,-26.9219,-49.1043,0.6
2023-10-09 21:00:00+00:00,ATG-BLU-05 Velha,-26.9219,-49.1043,0.3
2023-10-09 22:00:00+00:00,ATG-BLU-05 Velha,-26.9219,-49.1043,0.0
2023-10-09 23:00:00+00:00,ATG-BLU-05 Velha,-26.9219,-49.1043,0.0
2023-10-10 00:00:00+00:00,ATG-BLU-05 Velha,-26.9219,-49.1043,0.0
2023-10-10 01:00:00+00:00,ATG-BLU-05 Velha,-26.9219,-49.1043,0.0
2023-10-10 02:00:00+00:00,ATG-BLU-05 Velha,-26.9219,-49.1043,0.0
2023-10-10 03:00:00+00:00,ATG-BLU-05 Velha,-26.9219,-49.1043,0.0
2023-10-10 04:00:00+00:00,ATG-BLU-05 Velha,-26.9219,-49.1043,0.0
2023-10-10 05:00:00+00:00,ATG-BLU-05 Velha,-26.9219,-49.1043,0.0
2023-10-10 06:00:00+00:00,ATG-BLU-05 Velha,-26.9219,-49.1043,0.0
2023-10-10 07:00:00+00:00,ATG-BLU-05 Velha,-26.9219,-49.1043,0.0
2023-10-10 08:00:00+00:00,ATG-BLU-05 Velha,-26.9219,-49.1043,0.0
2023-10-10 09:00:00+00:00,ATG-BLU-05 Velha,-26.9219,-49.1043,0.0
2023-10-10 10:00:00+00:00,ATG-BLU-05 Velha,-26.9219,-49.1043,0.0
2023-10-10 11:00:00+00:00,ATG-BLU-05 Velha,-26.9219,-49.1043,0.0
2023-10-10 12:00:00+00:00,ATG-BLU-05 Velha,-26.9219,-49.1043,0.1
2023-10-10 13:00:00+00:00,ATG-BLU-05 Velha,-26.9219,-49.1043,0.2
2023-10-10 14:00:00+00:00,ATG-BLU-05 Velha,-26.9219,-49.1043,0.1
2023-10-10 15:00:00+00:00,ATG-BLU-05 Velha,-26.9219,-49.1043,0.2
2023-10-10 16:00:00+00:00,ATG-BLU-05 Velha,-26.9219,-49.1043,0.1
2023-10-10 17:00:00+00:00,ATG-BLU-05 Velha,-26.9219,-49.1043,0.1
2023-10-10 18:00:00+00:00,ATG-BLU-05 Velha,-26.9219,-49.1043,0.0
2023-10-10 19:00:00+00:00,ATG-BLU-05 Velha,-26.9219,-49.1043,0.0
2023-10-10 20:00:00+00:00,ATG-BLU-05 Velha,-26.9219,-49.1043,0.0
2023-10-10 21:00:00+00:00,ATG-BLU-05 Velha,-26.9219,-49.1043,0.0
2023-10-10 22:00:00+00:00,ATG-BLU-05 Velha,-26.9219,-49.1043,0.0
2023-10-10 23:00:00+00:00,ATG-BLU-05 Velha,-26.9219,-49.1043,0.0
2023-10-11 00:00:00+00:00,ATG-BLU-05 Velha,-26.9219,-49.1043,0.0
2023-10-11 01:00:00+00:00,ATG-BLU-05 Velha,-26.9219,-49.1043,0.0
2023-10-11 02:00:00+00:00,ATG-BLU-05 Velha,-26.9219,-49.1043,0.0
2023-10-11 03:00:00+00:00,ATG-BLU-05 Velha,-26.9219,-49.1043,0.0
2023-10-11 04:00:00+00:00,ATG-BLU-05 Velha,-26.9219,-49.1043,0.0
2023-10-11 05:00:00+00:00,ATG-BLU-05 Velha,-26.9219,-49.1043,0.0
2023-10-11 06:00:00+00:00,ATG-BLU-05 Velha,-26.9219,-49.1043,0.0
2023-10-11 07:00:00+00:00,ATG-BLU-05 Velha,-26.9219,-49.1043,0.0
2023-10-11 08:00:00+00:00,ATG-BLU-05 Velha,-26.9219,-49.1043,0.0
2023-10-11 09:00:00+00:00,ATG-BLU-05 Velha,-26.9219,-49.1043,0.0
2023-10-11 10:00:00+00:00,ATG-BLU-05 Velha,-26.9219,-49.1043,0.0
2023-10-11 11:00:00+00:00,ATG-BLU-05 Velha,-26.9219,-49.1043,0.0
2023-10-11 12:00:00+00:00,ATG-BLU-05 Velha,-26.9219,-49.1043,0.0
2023-10-11 13:00:00+00:00,ATG-BLU-05 Velha,-26.9219,-49.1043,0.0
2023-10-11 14:00:00+00:00,ATG-BLU-05 Velha,-26.9219,-49.1043,0.0
2023-10-11 15:00:00+00:00,ATG-BLU-05 Velha,-26.9219,-49.1043,0.0
2023-10-11 16:00:00+00:00,ATG-BLU-05 Velha,-26.9219,-49.1043,0.0
2023-10-11 17:00:00+00:00,ATG-BLU-05 Velha,-26.9219,-49.1043,0.0
2023-10-11 18:00:00+00:00,ATG-BLU-05 Velha,-26.9219,-49.1043,0.0
2023-10-11 19:00:00+00:00,ATG-BLU-05 Velha,-26.9219,-49.1043,0.0
2023-10-11 20:00:00+00:00,ATG-BLU-05 Velha,-26.9219,-49.1043,0.0
2023-10-11 21:00:00+00:00,ATG-BLU-05 Velha,-26.9219,-49.1043,0.5
2023-10-11 22:00:00+00:00,ATG-BLU-05 Velha,-26.9219,-49.1043,0.4
2023-10-11 23:00:00+00:00,ATG-BLU-05 Velha,-26.9219,-49.1043,0.0
2023-10-12 00:00:00+00:00,ATG-BLU-05 Velha,-26.9219,-49.1043,0.4
2023-10-12 01:00:00+00:00,ATG-BLU-05 Velha,-26.9219,-49.1043,0.1
2023-10-12 02:00:00+00:00,ATG-BLU-05 Velha,-26.9219,-49.1043,0.2
2023-10-12 03:00:00+00:00,ATG-BLU-05 Velha,-26.9219,-49.1043,0.2
2023-10-12 04:00:00+00:00,ATG-BLU-05 Velha,-26.9219,-49.1043,0.5
2023-10-12 05:00:00+00:00,ATG-BLU-05 Velha,-26.9219,-49.1043,1.7
2023-10-12 06:00:00+00:00,ATG-BLU-05 Velha,-26.9219,-49.1043,3.6
2023-10-12 07:00:00+00:00,ATG-BLU-05 Velha,-26.9219,-49.1043,3.9
2023-10-12 08:00:00+00:00,ATG-BLU-05 Velha,-26.9219,-49.1043,7.6
2023-10-12 09:00:00+00:00,ATG-BLU-05 Velha,-26.9219,-49.1043,0.1
2023-10-12 10:00:00+00:00,ATG-BLU-05 Velha,-26.9219,-49.1043,0.6
2023-10-12 11:00:00+00:00,ATG-BLU-05 Velha,-26.9219,-49.1043,2.0
2023-10-12 12:00:00+00:00,ATG-BLU-05 Velha,-26.9219,-49.1043,1.0
2023-10-12 13:00:00+00:00,ATG-BLU-05 Velha,-26.9219,-49.1043,8.4
2023-10-12 14:00:00+00:00,ATG-BLU-05 Velha,-26.9219,-49.1043,9.1
2023-10-12 15:00:00+00:00,ATG-BLU-05 Velha,-26.9219,-49.1043,4.2
2023-10-12 16:00:00+00:00,ATG-BLU-05 Velha,-26.9219,-49.1043,1.7
2023-10-12 17:00:00+00:00,ATG-BLU-05 Velha,-26.9219,-49.1043,1.5
2023-10-12 18:00:00+00:00,ATG-BLU-05 Velha,-26.9219,-49.1043,1.1
2023-10-12 19:00:00+00:00,ATG-BLU-05 Velha,-26.9219,-49.1043,0.2
2023-10-12 20:00:00+00:00,ATG-BLU-05 Velha,-26.9219,-49.1043,0.0
2023-10-12 21:00:00+00:00,ATG-BLU-05 Velha,-26.9219,-49.1043,0.1
2023-10-12 22:00:00+00:00,ATG-BLU-05 Velha,-26.9219,-49.1043,0.1
2023-10-12 23:00:00+00:00,ATG-BLU-05 Velha,-26.9219,-49.1043,0.2
2023-10-13 00:00:00+00:00,ATG-BLU-05 Velha,-26.9219,-49.1043,0.0
2023-10-13 01:00:00+00:00,ATG-BLU-05 Velha,-26.9219,-49.1043,0.0
2023-10-13 02:00:00+00:00,ATG-BLU-05 Velha,-26.9219,-49.1043,0.0
2023-10-13 03:00:00+00:00,ATG-BLU-05 Velha,-26.9219,-49.1043,0.0
2023-10-13 04:00:00+00:00,ATG-BLU-05 Velha,-26.9219,-49.1043,0.0
2023-10-13 05:00:00+00:00,ATG-BLU-05 Velha,-26.9219,-49.1043,0.0
2023-10-13 06:00:00+00:00,ATG-BLU-05 Velha,-26.9219,-49.1043,0.0
2023-10-13 07:00:00+00:00,ATG-BLU-05 Velha,-26.9219,-49.1043,0.0
2023-10-13 08:00:00+00:00,ATG-BLU-05 Velha,-26.9219,-49.1043,0.0
2023-10-13 09:00:00+00:00,ATG-BLU-05 Velha,-26.9219,-49.1043,0.1
2023-10-13 10:00:00+00:00,ATG-BLU-05 Velha,-26.9219,-49.1043,0.1
2023-10-13 11:00:00+00:00,ATG-BLU-05 Velha,-26.9219,-49.1043,0.0
2023-10-13 12:00:00+00:00,ATG-BLU-05 Velha,-26.9219,-49.1043,0.0
2023-10-13 13:00:00+00:00,ATG-BLU-05 Velha,-26.9219,-49.1043,0.0
2023-10-13 14:00:00+00:00,ATG-BLU-05 Velha,-26.9219,-49.1043,0.1
2023-10-13 15:00:00+00:00,ATG-BLU-05 Velha,-26.9219,-49.1043,0.0
2023-10-13 16:00:00+00:00,ATG-BLU-05 Velha,-26.9219,-49.1043,0.0
2023-10-13 17:00:00+00:00,ATG-BLU-05 Velha,-26.9219,-49.1043,0.0
2023-10-13 18:00:00+00:00,ATG-BLU-05 Velha,-26.9219,-49.1043,0.0
2023-10-13 19:00:00+00:00,ATG-BLU-05 Velha,-26.9219,-49.1043,0.0
2023-10-13 20:00:00+00:00,ATG-BLU-05 Velha,-26.9219,-49.1043,0.0
2023-10-13 21:00:00+00:00,ATG-BLU-05 Velha,-26.9219,-49.1043,0.0
2023-10-13 22:00:00+00:00,ATG-BLU-05 Velha,-26.9219,-49.1043,0.0
2023-10-13 23:00:00+00:00,ATG-BLU-05 Velha,-26.9219,-49.1043,0.0
2023-10-14 00:00:00+00:00,ATG-BLU-05 Velha,-26.9219,-49.1043,0.0
2023-10-14 01:00:00+00:00,ATG-BLU-05 Velha,-26.9219,-49.1043,0.0
2023-10-14 02:00:00+00:00,ATG-BLU-05 Velha,-26.9219,-49.1043,0.0
2023-10-14 03:00:00+00:00,ATG-BLU-05 Velha,-26.9219,-49.1043,0.0
2023-10-14 04:00:00+00:00,ATG-BLU-05 Velha,-26.9219,-49.1043,0.0
2023-10-14 05:00:00+00:00,ATG-BLU-05 Velha,-26.9219,-49.1043,0.0
2023-10-14 06:00:00+00:00,ATG-BLU-05 Velha,-26.9219,-49.1043,0.0
2023-10-14 07:00:00+00:00,ATG-BLU-05 Velha,-26.9219,-49.1043,0.0
2023-10-14 08:00:00+00:00,ATG-BLU-05 Velha,-26.9219,-49.1043,0.0
2023-10-14 09:00:00+00:00,ATG-BLU-05 Velha,-26.9219,-49.1043,0.0
2023-10-14 10:00:00+00:00,ATG-BLU-05 Velha,-26.9219,-49.1043,0.0
2023-10-14 11:00:00+00:00,ATG-BLU-05 Velha,-26.9219,-49.1043,0.0
2023-10-14 12:00:00+00:00,ATG-BLU-05 Velha,-26.9219,-49.1043,0.0
2023-10-14 13:00:00+00:00,ATG-BLU-05 Velha,-26.9219,-49.1043,0.0
2023-10-14 14:00:00+00:00,ATG-BLU-05 Velha,-26.9219,-49.1043,0.0
2023-10-14 15:00:00+00:00,ATG-BLU-05 Velha,-26.9219,-49.1043,0.0
2023-10-14 16:00:00+00:00,ATG-BLU-05 Velha,-26.9219,-49.1043,0.1
2023-10-14 17:00:00+00:00,ATG-BLU-05 Velha,-26.9219,-49.1043,0.2
2023-10-14 18:00:00+00:00,ATG-BLU-05 Velha,-26.9219,-49.1043,0.3
2023-10-14 19:00:00+00:00,ATG-BLU-05 Velha,-26.9219,-49.1043,0.1
2023-10-14 20:00:00+00:00,ATG-BLU-05 Velha,-26.9219,-49.1043,0.0
2023-10-14 21:00:00+00:00,ATG-BLU-05 Velha,-26.9219,-49.1043,0.0
2023-10-14 22:00:00+00:00,ATG-BLU-05 Velha,-26.9219,-49.1043,0.0
2023-10-14 23:00:00+00:00,ATG-BLU-05 Velha,-26.9219,-49.1043,0.0
